"","taggingSite","tagID","forkLength","dateTime","lon","lat","date"
"1",1,102,478,2019-09-09 11:10:00,-72.9792904778218,42.6797623499876,2019-09-09
"2",1,102,478,2019-09-21 08:00:00,-72.9787539312155,42.6798033157759,2019-09-21
"3",1,102,478,2019-09-22 20:30:00,-72.986726979,42.679560204,2019-09-22
"4",1,102,478,2019-09-24 18:50:00,-72.980470634,42.679940155,2019-09-24
"5",1,102,478,2019-09-25 18:20:00,-72.9785713910769,42.6796994967692,2019-09-25
"6",1,102,478,2019-09-26 10:00:00,-72.9791965413174,42.6797462803593,2019-09-26
"7",1,102,478,2019-09-28 14:30:00,-72.9786554847234,42.6797365276631,2019-09-28
"8",1,102,478,2019-09-28 18:50:00,-72.9793002477688,42.6798317690563,2019-09-28
"9",1,102,478,2019-09-29 10:30:00,-72.9786483269122,42.6797221082153,2019-09-29
"10",1,102,478,2019-10-01 18:40:00,-72.9806498569149,42.6798611675532,2019-10-01
"11",1,103,385,2019-09-09 11:10:00,-72.9855768391806,42.6795186795736,2019-09-09
"12",1,103,385,2019-09-22 20:20:00,-72.995935595,42.674657344,2019-09-22
"13",1,103,385,2019-09-25 18:10:00,-72.9905270846154,42.6771099923077,2019-09-25
"14",1,103,385,2019-09-25 18:20:00,-72.992585140118,42.6759267259587,2019-09-25
"15",1,103,385,2019-09-26 09:50:00,-72.9958806891473,42.6747167775194,2019-09-26
"16",1,103,385,2019-09-26 10:00:00,-72.9923048167939,42.6763596914122,2019-09-26
"17",1,103,385,2019-09-28 14:20:00,-72.9902391266667,42.6774693218182,2019-09-28
"18",1,103,385,2019-09-28 14:30:00,-72.984275,42.6798314,2019-09-28
"19",1,103,385,2019-09-28 18:40:00,-72.9918881,42.6762831,2019-09-28
"20",1,103,385,2019-09-28 18:50:00,-72.9843397,42.6798414,2019-09-28
"21",1,103,385,2019-09-28 19:00:00,-72.9906364,42.6790231,2019-09-28
"22",1,103,385,2019-09-29 10:20:00,-72.9961364,42.6744481,2019-09-29
"23",1,103,385,2019-09-29 10:30:00,-72.9919704078947,42.6762408263158,2019-09-29
"24",1,103,385,2019-10-01 18:30:00,-72.9921331,42.6761864,2019-10-01
"25",2,104,437,2019-09-09 11:10:00,-72.9902615188774,42.6779206409382,2019-09-09
"26",2,104,437,2019-09-22 20:20:00,-72.9874069772677,42.6789113890394,2019-09-22
"27",2,104,437,2019-09-22 20:30:00,-72.9894819908137,42.6788550095901,2019-09-22
"28",2,104,437,2019-09-24 18:40:00,-72.990462324,42.678473346,2019-09-24
"29",2,104,437,2019-09-25 18:10:00,-72.9905614437775,42.6773178376281,2019-09-25
"30",2,104,437,2019-09-25 18:20:00,-72.9886641872706,42.6790790321101,2019-09-25
"31",2,104,437,2019-09-26 10:00:00,-72.98858918,42.6785609103704,2019-09-26
"32",2,104,437,2019-09-28 14:20:00,-72.9908405197436,42.6776897758974,2019-09-28
"33",2,104,437,2019-09-28 14:30:00,-72.9893631341373,42.6787658879406,2019-09-28
"34",2,104,437,2019-09-28 18:50:00,-72.9898751573585,42.6781007433962,2019-09-28
"35",2,104,437,2019-09-28 19:00:00,-72.9900746719677,42.6786542571429,2019-09-28
"36",2,104,437,2019-09-29 10:20:00,-72.9903664,42.6792747,2019-09-29
"37",2,104,437,2019-09-29 10:30:00,-72.9900335571429,42.6784052214286,2019-09-29
"38",2,104,437,2019-10-01 18:30:00,-72.990342302583,42.6780407420664,2019-10-01
"39",2,104,437,2019-10-01 18:40:00,-72.9891561569507,42.6787811346786,2019-10-01
"40",2,104,437,2019-10-01 18:50:00,-72.9963281,42.6738547,2019-10-01
"41",3,105,342,2019-09-25 18:10:00,-72.9941209857143,42.6747245214286,2019-09-25
"42",3,105,342,2019-09-25 18:20:00,-72.9929892890625,42.676061606875,2019-09-25
"43",3,105,342,2019-09-26 09:50:00,-72.9954977646465,42.6744991267677,2019-09-26
"44",3,105,342,2019-09-26 10:00:00,-72.9916243819343,42.6765809540146,2019-09-26
"45",3,105,342,2019-09-26 10:10:00,-72.9963708185185,42.6739472851852,2019-09-26
"46",3,105,342,2019-09-28 14:20:00,-72.9957864,42.6747747,2019-09-28
"47",3,105,342,2019-09-28 14:30:00,-72.9962290375,42.674106425,2019-09-28
"48",3,105,342,2019-09-28 18:40:00,-72.9933561572519,42.6755280763359,2019-09-28
"49",3,105,342,2019-09-28 19:00:00,-72.9919106191176,42.6762309139706,2019-09-28
"50",3,105,342,2019-09-29 10:20:00,-72.9929692336634,42.6758584935644,2019-09-29
"51",3,105,342,2019-09-29 10:30:00,-72.9906371513889,42.6769958368056,2019-09-29
"52",3,106,483,2019-09-09 11:10:00,-72.9937738295489,42.6756568959398,2019-09-09
"53",3,106,483,2019-09-25 18:10:00,-72.9942293904762,42.6753417889724,2019-09-25
"54",3,106,483,2019-09-25 18:20:00,-72.9959040700787,42.6747156984252,2019-09-25
"55",3,106,483,2019-09-26 09:50:00,-72.9951127624606,42.6747475088328,2019-09-26
"56",3,106,483,2019-09-26 10:00:00,-72.991717193924,42.6769570663291,2019-09-26
"57",3,106,483,2019-09-26 10:10:00,-72.9962714,42.6734681,2019-09-26
"58",3,106,483,2019-09-28 14:20:00,-72.9901547,42.6777997,2019-09-28
"59",3,106,483,2019-09-28 14:30:00,-72.9963483,42.6739914,2019-09-28
"60",3,106,483,2019-09-28 18:40:00,-72.9943405936803,42.6753521947955,2019-09-28
"61",3,106,483,2019-09-28 19:00:00,-72.9932650186441,42.6758666101695,2019-09-28
"62",3,106,483,2019-09-29 10:20:00,-72.9933133,42.6757297,2019-09-29
"63",3,106,483,2019-10-01 18:50:00,-72.996242692108,42.6745635637591,2019-10-01
"64",3,107,436,2019-09-09 11:10:00,-72.9902411948454,42.6767922238144,2019-09-09
"65",3,107,436,2019-09-25 18:10:00,-72.9901897856618,42.6774760610294,2019-09-25
"66",3,107,436,2019-09-25 18:20:00,-72.9898881086629,42.6782728542373,2019-09-25
"67",3,107,436,2019-09-26 10:00:00,-72.9901724128521,42.6783398385563,2019-09-26
"68",3,107,436,2019-09-26 10:10:00,-72.9961783,42.6744664,2019-09-26
"69",3,107,436,2019-09-28 14:20:00,-72.9900286860465,42.6779650581395,2019-09-28
"70",3,107,436,2019-09-28 14:30:00,-72.9896893917603,42.6790979101124,2019-09-28
"71",3,107,436,2019-09-28 18:40:00,-72.9905383295359,42.6766844991561,2019-09-28
"72",3,107,436,2019-09-28 18:50:00,-72.9902098082353,42.677933845098,2019-09-28
"73",3,107,436,2019-09-28 19:00:00,-72.9926926857939,42.6764223058496,2019-09-28
"74",3,107,436,2019-09-29 10:20:00,-72.9915188987433,42.6774794508079,2019-09-29
"75",3,107,436,2019-09-29 10:30:00,-72.9909715622472,42.6780650665169,2019-09-29
"76",3,107,436,2019-10-01 18:30:00,-72.9905824604167,42.678721575,2019-10-01
"77",3,107,436,2019-10-01 18:40:00,-72.989667327673,42.679636545912,2019-10-01
"78",3,107,436,2019-10-01 18:50:00,-72.9960131,42.6746664,2019-10-01
"79",3,108,346,2019-09-09 11:10:00,-72.9947897342294,42.6746455890323,2019-09-09
"80",3,108,346,2019-09-28 14:20:00,-72.9911781,42.6764647,2019-09-28
"81",3,108,346,2019-09-28 18:40:00,-72.9922431,42.6761581,2019-09-28
"82",3,108,346,2019-09-28 18:50:00,-72.9887064,42.6797081,2019-09-28
"83",3,108,346,2019-09-28 19:00:00,-72.9923574941176,42.6761014698529,2019-09-28
"84",3,108,346,2019-09-29 10:20:00,-72.9922836273292,42.6760957385093,2019-09-29
"85",3,108,346,2019-09-29 10:30:00,-72.99015,42.6773164,2019-09-29
"86",3,108,346,2019-10-01 18:50:00,-72.996248876087,42.6745144968379,2019-10-01
"87",3,109,495,2019-09-09 11:10:00,-72.9949571440048,42.6747219821343,2019-09-09
"88",3,109,495,2019-09-21 08:00:00,-72.994862883,42.675356906,2019-09-21
"89",3,109,495,2019-09-23 19:20:00,-72.996199635,42.67442529,2019-09-23
"90",3,109,495,2019-09-25 18:10:00,-72.9950614070513,42.6751691448718,2019-09-25
"91",3,109,495,2019-09-25 18:20:00,-72.9956931,42.6748781,2019-09-25
"92",3,109,495,2019-09-26 09:50:00,-72.9958687318966,42.6745877146552,2019-09-26
"93",3,109,495,2019-09-26 10:00:00,-72.9920331,42.6762531,2019-09-26
"94",3,109,495,2019-09-26 10:10:00,-72.9962214,42.6744047,2019-09-26
"95",3,109,495,2019-09-28 14:20:00,-72.9961197,42.6744164,2019-09-28
"96",3,109,495,2019-09-28 14:30:00,-72.9962264,42.6743331,2019-09-28
"97",3,109,495,2019-09-28 18:40:00,-72.9943101385,42.675397299,2019-09-28
"98",3,109,495,2019-09-28 19:00:00,-72.9962105864407,42.6735537779661,2019-09-28
"99",3,109,495,2019-09-29 10:30:00,-72.9955481895522,42.674980338806,2019-09-29
"100",3,109,495,2019-10-01 18:50:00,-72.9962403269058,42.6746122766816,2019-10-01
"101",3,110,420,2019-09-09 11:10:00,-72.9951386566265,42.6741618445181,2019-09-09
"102",3,110,420,2019-09-23 19:10:00,-72.994925494,42.675318591,2019-09-23
"103",3,110,420,2019-09-25 18:20:00,-72.9931431,42.6758281,2019-09-25
"104",3,110,420,2019-09-26 09:50:00,-72.995469789313,42.6742236312977,2019-09-26
"105",3,110,420,2019-09-26 10:00:00,-72.9937268569767,42.6756415610465,2019-09-26
"106",3,110,420,2019-09-26 10:10:00,-72.9942097,42.6711897,2019-09-26
"107",3,110,420,2019-09-28 14:20:00,-72.9943576620438,42.6752664861314,2019-09-28
"108",3,110,420,2019-09-28 18:40:00,-72.9939851651163,42.6755522581395,2019-09-28
"109",3,110,420,2019-09-28 19:00:00,-72.9936211409836,42.6757620622951,2019-09-28
"110",3,110,420,2019-09-29 10:20:00,-72.9930544204724,42.675835484252,2019-09-29
"111",3,110,420,2019-09-29 10:30:00,-72.9934901450644,42.6757120330472,2019-09-29
"112",3,110,420,2019-10-01 18:30:00,-72.9949456052632,42.6747698157895,2019-10-01
"113",3,110,420,2019-10-01 18:50:00,-72.9959924946583,42.6744211586803,2019-10-01
"114",3,111,390,2019-09-09 11:10:00,-72.99627417,42.67371241,2019-09-09
"115",3,111,390,2019-09-25 18:10:00,-72.9915247,42.6763597,2019-09-25
"116",3,111,390,2019-09-26 10:00:00,-72.9931873691964,42.6758800205357,2019-09-26
"117",3,111,390,2019-09-28 14:30:00,-72.9963133,42.6741364,2019-09-28
"118",3,111,390,2019-09-28 18:40:00,-72.9941047044068,42.6753522033898,2019-09-28
"119",3,111,390,2019-09-28 19:00:00,-72.9941635403571,42.6754507960714,2019-09-28
"120",3,111,390,2019-09-29 10:20:00,-72.9923277181818,42.6760703363636,2019-09-29
"121",3,111,390,2019-09-29 10:30:00,-72.996155472067,42.6743993011173,2019-09-29
"122",3,111,390,2019-10-01 18:50:00,-72.9960700380734,42.6745527825688,2019-10-01
"123",4,112,447,2019-09-09 11:10:00,-72.9948506737864,42.6727674878641,2019-09-09
"124",4,112,447,2019-09-21 08:00:00,-72.99633746,42.674091463,2019-09-21
"125",4,112,447,2019-09-22 20:30:00,-72.996381974,42.674079589,2019-09-22
"126",4,112,447,2019-09-24 18:40:00,-72.9961703,42.674434836,2019-09-24
"127",4,112,447,2019-09-25 18:10:00,-72.9954062203125,42.6726302284375,2019-09-25
"128",4,112,447,2019-09-25 18:20:00,-72.9954526550976,42.673090767679,2019-09-25
"129",4,112,447,2019-09-26 09:50:00,-72.9946682079755,42.6717299760736,2019-09-26
"130",4,112,447,2019-09-26 10:10:00,-72.9952669301325,42.6725945811258,2019-09-26
"131",4,112,447,2019-09-28 14:20:00,-72.9954801729508,42.6731480495902,2019-09-28
"132",4,112,447,2019-09-28 14:30:00,-72.996145,42.6744464,2019-09-28
"133",4,112,447,2019-09-28 18:40:00,-72.9952471816716,42.6726703036657,2019-09-28
"134",4,112,447,2019-09-28 19:00:00,-72.99537212711,42.6738438,2019-09-28
"135",4,112,447,2019-09-29 10:20:00,-72.99498126875,42.6731790857143,2019-09-29
"136",4,112,447,2019-09-29 10:30:00,-72.9954678870912,42.6734216134251,2019-09-29
"137",4,112,447,2019-10-01 18:30:00,-72.9952770274278,42.6735678083989,2019-10-01
"138",4,112,447,2019-10-01 18:50:00,-72.9961374360768,42.6743898527663,2019-10-01
"139",4,113,372,2019-09-09 11:10:00,-72.9900716,42.67688873,2019-09-09
"140",4,113,372,2019-09-22 20:20:00,-72.993658168,42.675751643,2019-09-22
"141",4,113,372,2019-09-25 18:10:00,-72.9899414,42.6770947,2019-09-25
"142",4,113,372,2019-09-25 18:20:00,-72.9902017,42.6775564,2019-09-25
"143",4,113,372,2019-09-26 10:00:00,-72.9901889205882,42.6773300827731,2019-09-26
"144",4,113,372,2019-09-28 18:50:00,-72.989999042029,42.6772718347826,2019-09-28
"145",4,113,372,2019-09-28 19:00:00,-72.9902692533951,42.6778873425926,2019-09-28
"146",4,113,372,2019-10-01 18:30:00,-72.9957001839506,42.6730844530864,2019-10-01
"147",4,113,372,2019-10-01 18:50:00,-72.9949271653903,42.6725468569956,2019-10-01
"148",5,114,390,2019-09-09 11:10:00,-72.9939390192675,42.6710558496497,2019-09-09
"149",5,114,390,2019-09-21 07:50:00,-72.984675893,42.665389994,2019-09-21
"150",5,114,390,2019-09-21 08:10:00,-72.985679635,42.665578897,2019-09-21
"151",5,114,390,2019-09-22 20:20:00,-72.986915495,42.666069483,2019-09-22
"152",5,114,390,2019-09-22 20:30:00,-72.98886459,42.667037271,2019-09-22
"153",5,114,390,2019-09-23 19:10:00,-72.985014254,42.665502871,2019-09-23
"154",5,114,390,2019-09-23 19:30:00,-72.9829929909416,42.6646808880292,2019-09-23
"155",5,114,390,2019-09-24 18:40:00,-72.98453672,42.665386799,2019-09-24
"156",5,114,390,2019-09-25 18:10:00,-72.9864848564792,42.6659781865526,2019-09-25
"157",5,114,390,2019-09-25 18:20:00,-72.9862311849206,42.6658000361111,2019-09-25
"158",5,114,390,2019-09-25 18:30:00,-72.9796351181818,42.6632973694215,2019-09-25
"159",5,114,390,2019-09-26 09:50:00,-72.9869149436747,42.6661468060241,2019-09-26
"160",5,114,390,2019-09-26 10:10:00,-72.9872511935543,42.6663012198895,2019-09-26
"161",5,114,390,2019-09-28 14:20:00,-72.9870520415525,42.6662526600457,2019-09-28
"162",5,114,390,2019-09-28 14:30:00,-72.98771273875,42.666615065,2019-09-28
"163",5,114,390,2019-09-28 18:40:00,-72.9872789002273,42.6664330684091,2019-09-28
"164",5,114,390,2019-09-28 19:00:00,-72.986993069489,42.6662251340146,2019-09-28
"165",5,114,390,2019-09-29 10:20:00,-72.9871556945508,42.6662121927835,2019-09-29
"166",5,114,390,2019-09-29 10:30:00,-72.9914163763975,42.6689045285714,2019-09-29
"167",5,114,390,2019-09-29 10:40:00,-72.9882684126615,42.66668985323,2019-09-29
"168",5,114,390,2019-10-01 18:30:00,-72.987641947541,42.666512145082,2019-10-01
"169",5,114,390,2019-10-01 19:00:00,-72.9864780069652,42.6659376411277,2019-10-01
"170",5,115,360,2019-09-09 11:10:00,-72.9947199517078,42.6718562443744,2019-09-09
"171",5,115,360,2019-09-22 20:20:00,-72.992693997,42.670002243,2019-09-22
"172",5,115,360,2019-09-23 19:20:00,-72.9944043726242,42.6715146680671,2019-09-23
"173",5,115,360,2019-09-24 18:50:00,-72.995712078,42.672834683,2019-09-24
"174",5,115,360,2019-09-25 18:10:00,-72.9956123470119,42.672912209761,2019-09-25
"175",5,115,360,2019-09-25 18:20:00,-72.9952412719439,42.6724218541082,2019-09-25
"176",5,115,360,2019-09-26 09:50:00,-72.9953710892377,42.6724148632287,2019-09-26
"177",5,115,360,2019-09-26 10:10:00,-72.9960164,42.6731181,2019-09-26
"178",5,115,360,2019-09-28 14:20:00,-72.9937762585034,42.6709115612245,2019-09-28
"179",5,115,360,2019-09-28 14:30:00,-72.9953295588235,42.6724007220588,2019-09-28
"180",5,115,360,2019-09-28 18:40:00,-72.9962664,42.6734847,2019-09-28
"181",5,115,360,2019-09-28 19:00:00,-72.9943521107981,42.6714459328638,2019-09-28
"182",5,115,360,2019-09-29 10:20:00,-72.994800866875,42.6719277875,2019-09-29
"183",5,115,360,2019-09-29 10:30:00,-72.9932997,42.6704031,2019-09-29
"184",5,115,360,2019-10-01 18:30:00,-72.9949390795602,42.6720865902975,2019-10-01
"185",5,115,360,2019-10-01 18:50:00,-72.995546032169,42.6733769787977,2019-10-01
"186",5,116,344,2019-09-09 11:00:00,-72.9891225606283,42.6672803457754,2019-09-09
"187",5,116,344,2019-09-09 11:10:00,-72.9921937609808,42.6696167011034,2019-09-09
"188",5,116,344,2019-09-22 20:30:00,-72.99093985625,42.6685319056435,2019-09-22
"189",5,116,344,2019-09-23 19:10:00,-72.9888101006633,42.6670999780765,2019-09-23
"190",5,116,344,2019-09-23 19:20:00,-72.988829069,42.667007953,2019-09-23
"191",5,116,344,2019-09-25 18:10:00,-72.9915334156535,42.669071468845,2019-09-25
"192",5,116,344,2019-09-25 18:20:00,-72.9926148774194,42.6699362120968,2019-09-25
"193",5,116,344,2019-09-26 09:50:00,-72.9924295807384,42.6697272903692,2019-09-26
"194",5,116,344,2019-09-26 10:10:00,-72.9919245953782,42.669342737395,2019-09-26
"195",5,116,344,2019-09-28 14:20:00,-72.9912353572193,42.6688729363636,2019-09-28
"196",5,116,344,2019-09-28 14:30:00,-72.9917247700965,42.6691952897106,2019-09-28
"197",5,116,344,2019-09-28 18:40:00,-72.993004613285,42.6703037942029,2019-09-28
"198",5,116,344,2019-09-28 19:00:00,-72.9917402934783,42.6691570342995,2019-09-28
"199",5,116,344,2019-09-29 10:20:00,-72.9912525809896,42.6688195325521,2019-09-29
"200",5,116,344,2019-09-29 10:30:00,-72.9917853022082,42.6691981722397,2019-09-29
"201",5,116,344,2019-09-29 10:40:00,-72.9884814,42.6667731,2019-09-29
"202",5,116,344,2019-10-01 18:30:00,-72.9917806122642,42.6692646311321,2019-10-01
"203",5,116,344,2019-10-01 18:50:00,-72.9910678963303,42.6686534211009,2019-10-01
"204",5,116,344,2019-10-01 19:00:00,-72.9897617,42.6675864,2019-10-01
"205",6,117,360,2019-09-09 10:50:00,-72.93274655,42.65326518,2019-09-09
"206",6,117,360,2019-09-09 11:00:00,-72.9784155182999,42.6624283132927,2019-09-09
"207",6,117,360,2019-09-21 07:50:00,-72.971741318,42.662747179,2019-09-21
"208",6,117,360,2019-09-22 20:10:00,-72.976349629,42.660747886,2019-09-22
"209",6,117,360,2019-09-22 20:30:00,-72.977655648,42.661461889,2019-09-22
"210",6,117,360,2019-09-22 20:40:00,-72.971439183,42.662971153,2019-09-22
"211",6,117,360,2019-09-23 19:10:00,-72.973295834,42.661506154,2019-09-23
"212",6,117,360,2019-09-24 18:30:00,-72.975247023,42.660479227,2019-09-24
"213",6,117,360,2019-09-25 18:10:00,-72.9740410982906,42.6612194737179,2019-09-25
"214",6,117,360,2019-09-25 18:30:00,-72.9757386872611,42.660687733758,2019-09-25
"215",6,117,360,2019-09-25 18:40:00,-72.973777908,42.661179549,2019-09-25
"216",6,117,360,2019-09-26 09:50:00,-72.9755359260162,42.6613537195122,2019-09-26
"217",6,117,360,2019-09-26 10:10:00,-72.9748803351579,42.6612000004211,2019-09-26
"218",6,117,360,2019-09-28 14:20:00,-72.976922438705,42.6618013896403,2019-09-28
"219",6,117,360,2019-09-28 14:30:00,-72.9766499731915,42.6607795221277,2019-09-28
"220",6,117,360,2019-09-28 14:40:00,-72.9738185397661,42.6611364385965,2019-09-28
"221",6,117,360,2019-09-28 18:40:00,-72.9735446366154,42.6614359590769,2019-09-28
"222",6,117,360,2019-09-28 19:20:00,-72.9757353790427,42.6609960815006,2019-09-28
"223",6,117,360,2019-09-29 10:20:00,-72.995867151634,42.6735732189542,2019-09-29
"224",6,117,360,2019-09-29 10:30:00,-72.9955828928058,42.6730281546763,2019-09-29
"225",6,117,360,2019-10-01 18:30:00,-72.978105936875,42.662003694375,2019-10-01
"226",6,117,360,2019-10-01 19:00:00,-72.9795821810959,42.6629225089041,2019-10-01
"227",6,118,350,2019-09-09 11:00:00,-72.9737503827445,42.6615171567665,2019-09-09
"228",6,118,350,2019-09-22 20:40:00,-72.976758002,42.660790869,2019-09-22
"229",6,118,350,2019-09-23 19:30:00,-72.974075293,42.660951624,2019-09-23
"230",6,118,350,2019-09-25 18:10:00,-72.9739554570479,42.6615840132979,2019-09-25
"231",6,118,350,2019-09-25 18:30:00,-72.9770763341122,42.6612753943925,2019-09-25
"232",6,118,350,2019-09-25 18:40:00,-72.9733752935943,42.6614875576512,2019-09-25
"233",6,118,350,2019-09-26 09:50:00,-72.9736760790026,42.6615296312336,2019-09-26
"234",6,118,350,2019-09-26 10:10:00,-72.9734293049494,42.6616000268841,2019-09-26
"235",6,118,350,2019-09-28 14:10:00,-72.9709517,42.6632231,2019-09-28
"236",6,118,350,2019-09-28 14:20:00,-72.9748645870021,42.6609532622642,2019-09-28
"237",6,118,350,2019-09-28 14:30:00,-72.9768694845528,42.660957904065,2019-09-28
"238",6,118,350,2019-09-28 14:40:00,-72.9732088736041,42.6616102324873,2019-09-28
"239",6,118,350,2019-09-28 18:40:00,-72.9733967189024,42.6618722554878,2019-09-28
"240",6,118,350,2019-09-28 19:00:00,-72.9794955096457,42.6631954964567,2019-09-28
"241",6,118,350,2019-09-28 19:10:00,-72.9794916223684,42.6631956097588,2019-09-28
"242",6,118,350,2019-09-28 19:20:00,-72.977077906192,42.6620106934985,2019-09-28
"243",6,118,350,2019-09-29 10:20:00,-72.9738917329513,42.6617615859599,2019-09-29
"244",6,118,350,2019-09-29 10:40:00,-72.9746309983687,42.6610705900489,2019-09-29
"245",6,118,350,2019-10-01 18:30:00,-72.9735126111396,42.6614854267606,2019-10-01
"246",6,118,350,2019-10-01 19:00:00,-72.9741399962963,42.6612343193416,2019-10-01
"247",6,119,357,2019-09-09 11:00:00,-72.9802123967468,42.6634126218499,2019-09-09
"248",6,119,357,2019-09-22 20:10:00,-72.98090221,42.664140394,2019-09-22
"249",6,119,357,2019-09-22 20:30:00,-72.980884147,42.664119397,2019-09-22
"250",6,119,357,2019-09-23 19:30:00,-72.979396693927,42.6630095998798,2019-09-23
"251",6,119,357,2019-09-25 18:10:00,-72.9797626323615,42.6631344574344,2019-09-25
"252",6,119,357,2019-09-25 18:20:00,-72.9833366456,42.66498594,2019-09-25
"253",6,119,357,2019-09-25 18:30:00,-72.9796070947446,42.663276510412,2019-09-25
"254",6,119,357,2019-09-26 09:50:00,-72.9808711358974,42.6637407356125,2019-09-26
"255",6,119,357,2019-09-26 10:10:00,-72.9796122595181,42.6631517216868,2019-09-26
"256",6,119,357,2019-09-28 14:20:00,-72.9798239730918,42.6634041207633,2019-09-28
"257",6,119,357,2019-09-28 14:30:00,-72.9814667202401,42.6640985797599,2019-09-28
"258",6,119,357,2019-09-28 18:40:00,-72.978850400885,42.6625836150442,2019-09-28
"259",6,119,357,2019-09-28 19:00:00,-72.9797376653044,42.6633361014474,2019-09-28
"260",6,119,357,2019-09-28 19:10:00,-72.9794921762739,42.6631955996262,2019-09-28
"261",6,119,357,2019-09-28 19:20:00,-72.9791384126732,42.6629826344977,2019-09-28
"262",6,119,357,2019-09-29 10:20:00,-72.9796407076596,42.6632328668085,2019-09-29
"263",6,119,357,2019-09-29 10:40:00,-72.9798075243243,42.6631290652027,2019-09-29
"264",6,119,357,2019-10-01 18:30:00,-72.9803815381443,42.6634643536082,2019-10-01
"265",6,119,357,2019-10-01 19:00:00,-72.97878348875,42.6625204414583,2019-10-01
"266",7,120,495,2019-09-09 11:00:00,-72.9610208118122,42.6658374519432,2019-09-09
"267",7,120,495,2019-09-24 19:00:00,-72.962075701,42.665725454,2019-09-24
"268",7,120,495,2019-09-25 18:10:00,-72.9626464,42.6647247,2019-09-25
"269",7,120,495,2019-09-25 18:40:00,-72.9596631,42.6662831,2019-09-25
"270",7,120,495,2019-09-26 09:50:00,-72.9621447824524,42.6651980577167,2019-09-26
"271",7,120,495,2019-09-26 10:10:00,-72.9622052918429,42.6651364223565,2019-09-26
"272",7,120,495,2019-09-28 14:10:00,-72.96180472263,42.665630129052,2019-09-28
"273",7,120,495,2019-09-28 14:40:00,-72.9619511861905,42.6654964,2019-09-28
"274",7,120,495,2019-09-28 18:40:00,-72.9614153733333,42.6661647223529,2019-09-28
"275",7,120,495,2019-09-28 19:20:00,-72.9617909289125,42.6652275095491,2019-09-28
"276",7,120,495,2019-09-28 19:30:00,-72.9593733,42.6662997,2019-09-28
"277",7,120,495,2019-09-29 10:20:00,-72.9620703903846,42.66524075,2019-09-29
"278",7,120,495,2019-09-29 10:40:00,-72.9623254732095,42.6650328013263,2019-09-29
"279",7,120,495,2019-10-01 18:20:00,-72.9617833,42.6660481,2019-10-01
"280",7,120,495,2019-10-01 18:30:00,-72.9635481,42.6637914,2019-10-01
"281",7,121,535,2019-09-09 11:00:00,-72.9630088872465,42.6646856703976,2019-09-09
"282",7,121,535,2019-09-25 18:10:00,-72.9625047,42.6651731,2019-09-25
"283",7,121,535,2019-09-25 18:40:00,-72.9628579581633,42.6648291153061,2019-09-25
"284",7,121,535,2019-09-26 09:50:00,-72.9635765542857,42.6639680142857,2019-09-26
"285",7,121,535,2019-09-26 10:10:00,-72.9630964,42.6640447,2019-09-26
"286",7,121,535,2019-09-28 14:10:00,-72.9628977610687,42.6644644740458,2019-09-28
"287",7,121,535,2019-09-28 14:40:00,-72.9629441054475,42.6645779649805,2019-09-28
"288",7,121,535,2019-09-28 18:40:00,-72.9623890995968,42.6651113274194,2019-09-28
"289",7,121,535,2019-09-28 19:20:00,-72.9629924143836,42.6645845071918,2019-09-28
"290",7,121,535,2019-09-29 10:20:00,-72.9625148973799,42.6650376663755,2019-09-29
"291",7,121,535,2019-10-01 18:20:00,-72.9622772448276,42.6655448241379,2019-10-01
"292",7,121,535,2019-10-01 18:30:00,-72.9627975193548,42.6644380024194,2019-10-01
"293",7,121,535,2019-10-01 19:00:00,-72.9617885235294,42.6659706042017,2019-10-01
"294",7,122,442,2019-09-09 11:00:00,-72.9627239222137,42.6648599235793,2019-09-09
"295",7,122,442,2019-09-28 18:40:00,-72.9581583,42.6661797,2019-09-28
"296",7,122,442,2019-09-29 10:20:00,-72.9595367,42.6663214,2019-09-29
"297",7,122,442,2019-10-01 19:00:00,-72.9607921692308,42.6663598615385,2019-10-01
"298",7,123,336,2019-09-09 11:00:00,-72.9577794424176,42.6657378320879,2019-09-09
"299",7,123,336,2019-09-25 18:10:00,-72.9582231,42.6661797,2019-09-25
"300",7,123,336,2019-09-28 14:10:00,-72.9576,42.6656531,2019-09-28
"301",7,123,336,2019-09-28 19:30:00,-72.9581947,42.6661631,2019-09-28
"302",7,123,336,2019-09-29 10:20:00,-72.9588131,42.6662714,2019-09-29
"303",7,123,336,2019-09-29 10:40:00,-72.9585683,42.6661814,2019-09-29
"304",7,124,326,2019-09-09 11:10:00,-72.9904701447088,42.6768983441764,2019-09-09
"305",7,124,326,2019-09-23 19:10:00,-72.987973923,42.679644986,2019-09-23
"306",7,124,326,2019-09-25 18:10:00,-72.9902281,42.6778831,2019-09-25
"307",7,124,326,2019-09-26 10:00:00,-72.9898597,42.6796314,2019-09-26
"308",7,124,326,2019-09-28 18:50:00,-72.9896108891403,42.6791639307692,2019-09-28
"309",7,124,326,2019-09-29 10:30:00,-72.9904647,42.6781031,2019-09-29
"310",7,124,326,2019-10-01 18:30:00,-72.9902543818898,42.6778897,2019-10-01
"311",7,124,326,2019-10-01 18:50:00,-72.9962372675799,42.6746113223744,2019-10-01
"312",8,125,423,2019-09-09 11:00:00,-72.9553908482353,42.6630326547059,2019-09-09
"313",8,125,423,2019-09-22 20:40:00,-72.956087301,42.6592604,2019-09-22
"314",8,125,423,2019-09-23 19:30:00,-72.95726733,42.665179407,2019-09-23
"315",8,125,423,2019-09-25 18:40:00,-72.9557052934118,42.6618928167059,2019-09-25
"316",8,125,423,2019-09-26 10:10:00,-72.95554,42.6632631,2019-09-26
"317",8,125,423,2019-09-28 14:10:00,-72.9557131,42.6638364,2019-09-28
"318",8,125,423,2019-09-28 18:30:00,-72.9555915930233,42.660147012093,2019-09-28
"319",8,125,423,2019-09-28 18:40:00,-72.9559764,42.6641297,2019-09-28
"320",8,125,423,2019-09-28 19:30:00,-72.9562010288136,42.6632290576271,2019-09-28
"321",8,125,423,2019-09-29 10:20:00,-72.9563069142857,42.664088175,2019-09-29
"322",8,125,423,2019-09-29 10:40:00,-72.9559707951219,42.662728150813,2019-09-29
"323",8,125,423,2019-10-01 18:20:00,-72.9554297,42.6631747,2019-10-01
"324",8,125,423,2019-10-01 19:00:00,-72.9556025875,42.6627470253472,2019-10-01
"325",9,126,431,2019-09-09 10:50:00,-72.9408486312658,42.6548738971796,2019-09-09
"326",9,126,431,2019-09-23 19:00:00,-72.92875684,42.646541944,2019-09-23
"327",9,126,431,2019-09-25 18:00:00,-72.9295369153333,42.6485308046667,2019-09-25
"328",9,126,431,2019-09-25 18:50:00,-72.9291805131488,42.6476587906574,2019-09-25
"329",9,126,431,2019-09-26 09:40:00,-72.9290368122951,42.6473628016393,2019-09-26
"330",9,126,431,2019-09-26 10:30:00,-72.9291650383803,42.6480975190141,2019-09-26
"331",9,126,431,2019-09-28 14:00:00,-72.9295265060774,42.648282778453,2019-09-28
"332",9,126,431,2019-09-28 14:50:00,-72.9293174689655,42.6492639965517,2019-09-28
"333",9,126,431,2019-09-28 18:30:00,-72.9292255947103,42.6483954833753,2019-09-28
"334",9,126,431,2019-09-28 19:30:00,-72.9302571592179,42.6503924553073,2019-09-28
"335",9,126,431,2019-09-29 10:10:00,-72.9323156401408,42.6523548985915,2019-09-29
"336",9,126,431,2019-09-29 10:50:00,-72.9337261212658,42.6533067058228,2019-09-29
"337",9,126,431,2019-10-01 18:20:00,-72.933425,42.6538264,2019-10-01
"338",9,126,431,2019-10-01 19:10:00,-72.9321728068702,42.6520472015267,2019-10-01
"339",9,127,390,2019-09-09 10:50:00,-72.9405377227902,42.6549635243615,2019-09-09
"340",9,127,390,2019-09-21 07:50:00,-72.943381508,42.654452046,2019-09-21
"341",9,127,390,2019-09-22 20:40:00,-72.947163431,42.653095954,2019-09-22
"342",9,127,390,2019-09-24 18:30:00,-72.9420563531752,42.6546786586569,2019-09-24
"343",9,127,390,2019-09-25 18:00:00,-72.9405394878652,42.6549805274157,2019-09-25
"344",9,127,390,2019-09-25 18:40:00,-72.9417423483622,42.6547111090559,2019-09-25
"345",9,127,390,2019-09-26 09:40:00,-72.9425350908046,42.654556997318,2019-09-26
"346",9,127,390,2019-09-26 10:20:00,-72.9420745453965,42.6545086089335,2019-09-26
"347",9,127,390,2019-09-28 14:10:00,-72.9421599649776,42.6545822487332,2019-09-28
"348",9,127,390,2019-09-28 14:40:00,-72.9406078784753,42.6550531475336,2019-09-28
"349",9,127,390,2019-09-28 18:30:00,-72.9432886033132,42.6542856668675,2019-09-28
"350",9,127,390,2019-09-28 19:30:00,-72.9397442671141,42.6552188949664,2019-09-28
"351",9,127,390,2019-09-29 10:10:00,-72.9447448459854,42.6540347423358,2019-09-29
"352",9,127,390,2019-09-29 10:40:00,-72.9445789807229,42.6539970349398,2019-09-29
"353",9,127,390,2019-09-29 10:50:00,-72.9411654036697,42.6547654715596,2019-09-29
"354",9,127,390,2019-10-01 18:20:00,-72.9418550226415,42.6547222027254,2019-10-01
"355",9,127,390,2019-10-01 19:10:00,-72.940568933997,42.6549269410029,2019-10-01
"356",9,128,381,2019-09-09 10:50:00,-72.9332003124786,42.6536598146866,2019-09-09
"357",9,128,381,2019-09-21 07:40:00,-72.936003004,42.655533069,2019-09-21
"358",9,128,381,2019-09-21 08:20:00,-72.932759575,42.65329401,2019-09-21
"359",9,128,381,2019-09-22 20:00:00,-72.932350086,42.653025554,2019-09-22
"360",9,128,381,2019-09-24 18:30:00,-72.945054258,42.654047116,2019-09-24
"361",9,128,381,2019-09-25 18:00:00,-72.9414355603448,42.6547194603448,2019-09-25
"362",9,128,381,2019-09-25 18:40:00,-72.944321866242,42.6539659523885,2019-09-25
"363",9,128,381,2019-09-26 09:40:00,-72.9440417009756,42.6539997673171,2019-09-26
"364",9,128,381,2019-09-26 10:20:00,-72.9430599959048,42.6542522034286,2019-09-26
"365",9,128,381,2019-09-28 14:10:00,-72.9426478109325,42.6544820453376,2019-09-28
"366",9,128,381,2019-09-28 14:40:00,-72.9442067631016,42.6541885812834,2019-09-28
"367",9,128,381,2019-09-28 18:30:00,-72.944301863357,42.6541239312057,2019-09-28
"368",9,128,381,2019-09-28 19:30:00,-72.944226055,42.6541079452857,2019-09-28
"369",9,128,381,2019-09-29 10:10:00,-72.9443489202381,42.6542458369048,2019-09-29
"370",9,128,381,2019-09-29 10:40:00,-72.9465058607914,42.6533349629496,2019-09-29
"371",9,128,381,2019-09-29 10:50:00,-72.9422047,42.6544931,2019-09-29
"372",9,128,381,2019-10-01 18:20:00,-72.9449392799107,42.653893140625,2019-10-01
"373",9,128,381,2019-10-01 19:10:00,-72.9448789393782,42.6538383502591,2019-10-01
"374",9,129,340,2019-09-22 20:10:00,-72.9517998014954,42.6523876204771,2019-09-22
"375",9,129,340,2019-09-23 19:00:00,-72.953648067,42.652076329,2019-09-23
"376",9,129,340,2019-09-23 19:30:00,-72.950064083,42.651950047,2019-09-23
"377",9,129,340,2019-09-24 19:00:00,-72.955292713,42.653021717,2019-09-24
"378",9,129,340,2019-09-25 18:00:00,-72.9515411423077,42.6522767722672,2019-09-25
"379",9,129,340,2019-09-25 18:40:00,-72.9526443888462,42.6523869415385,2019-09-25
"380",9,129,340,2019-09-26 09:40:00,-72.953683979469,42.6528214969912,2019-09-26
"381",9,129,340,2019-09-26 10:20:00,-72.9543152912791,42.6530434091085,2019-09-26
"382",9,129,340,2019-09-28 14:10:00,-72.9513372769565,42.6519184952174,2019-09-28
"383",9,129,340,2019-09-28 14:40:00,-72.9520143428986,42.6528365063768,2019-09-28
"384",9,129,340,2019-09-28 18:30:00,-72.9520282157182,42.6520088168022,2019-09-28
"385",9,129,340,2019-09-28 19:30:00,-72.9527023754159,42.6527899371534,2019-09-28
"386",9,129,340,2019-09-29 10:10:00,-72.9530782150743,42.6526751046709,2019-09-29
"387",9,129,340,2019-09-29 10:40:00,-72.952832768547,42.6526183087179,2019-09-29
"388",9,129,340,2019-10-01 18:20:00,-72.9532737284404,42.652540046789,2019-10-01
"389",9,129,340,2019-10-01 19:00:00,-72.955855,42.6539781,2019-10-01
"390",9,129,340,2019-10-01 19:10:00,-72.9524810723077,42.6519940973077,2019-10-01
"391",10,130,482,2019-09-09 10:50:00,-72.9349101161673,42.6546987961576,2019-09-09
"392",10,130,482,2019-09-21 08:20:00,-72.938574067,42.655634521,2019-09-21
"393",10,130,482,2019-09-22 20:50:00,-72.931145026908,42.6515434610982,2019-09-22
"394",10,130,482,2019-09-23 19:00:00,-72.935007795,42.65508747,2019-09-23
"395",10,130,482,2019-09-23 19:40:00,-72.9296966910638,42.6502230461277,2019-09-23
"396",10,130,482,2019-09-24 18:20:00,-72.932885203,42.653418295,2019-09-24
"397",10,130,482,2019-09-24 18:30:00,-72.934849017,42.654961079,2019-09-24
"398",10,130,482,2019-09-25 18:00:00,-72.9328186164357,42.6533282837624,2019-09-25
"399",10,130,482,2019-09-25 18:40:00,-72.9347838507205,42.6542895239193,2019-09-25
"400",10,130,482,2019-09-25 18:50:00,-72.9290531,42.6478814,2019-09-25
"401",10,130,482,2019-09-26 09:40:00,-72.9357930321586,42.6548958092511,2019-09-26
"402",10,130,482,2019-09-26 10:20:00,-72.9340636076923,42.6541494272189,2019-09-26
"403",10,130,482,2019-09-28 14:10:00,-72.937630031003,42.6553467644377,2019-09-28
"404",10,130,482,2019-09-28 14:40:00,-72.9387131,42.6559797,2019-09-28
"405",10,130,482,2019-09-28 14:50:00,-72.9326965914676,42.6532700174061,2019-09-28
"406",10,130,482,2019-09-28 18:30:00,-72.932004133121,42.6522993458599,2019-09-28
"407",10,130,482,2019-09-28 19:30:00,-72.9314669904059,42.651601300738,2019-09-28
"408",10,130,482,2019-09-29 10:10:00,-72.9347636194595,42.6548486362162,2019-09-29
"409",10,130,482,2019-09-29 10:50:00,-72.9374244644,42.6553887712,2019-09-29
"410",10,130,482,2019-10-01 18:10:00,-72.9292717,42.6497881,2019-10-01
"411",10,130,482,2019-10-01 18:20:00,-72.9328851809061,42.6531613880259,2019-10-01
"412",10,130,482,2019-10-01 19:10:00,-72.9324139312977,42.6529787474809,2019-10-01
"413",10,131,519,2019-09-09 10:40:00,-72.9299073737784,42.6502790354223,2019-09-09
"414",10,131,519,2019-09-09 10:50:00,-72.9322546551376,42.6529083352294,2019-09-09
"415",10,131,519,2019-09-21 08:20:00,-72.930776526,42.651639372,2019-09-21
"416",10,131,519,2019-09-22 20:50:00,-72.932702784,42.6532289915,2019-09-22
"417",10,131,519,2019-09-23 19:00:00,-72.929178918,42.648881189,2019-09-23
"418",10,131,519,2019-09-23 19:40:00,-72.929490919,42.650274178,2019-09-23
"419",10,131,519,2019-09-25 18:00:00,-72.930167376399,42.6507577608273,2019-09-25
"420",10,131,519,2019-09-25 18:40:00,-72.9320135161765,42.6526255556985,2019-09-25
"421",10,131,519,2019-09-25 18:50:00,-72.9292217655889,42.6486454995381,2019-09-25
"422",10,131,519,2019-09-26 09:40:00,-72.9324756340741,42.6530927644444,2019-09-26
"423",10,131,519,2019-09-26 10:20:00,-72.9310481,42.6519181,2019-09-26
"424",10,131,519,2019-09-26 10:30:00,-72.9292515218045,42.6487777954887,2019-09-26
"425",10,131,519,2019-09-28 14:00:00,-72.9307897,42.6517664,2019-09-28
"426",10,131,519,2019-09-28 14:50:00,-72.9309526548571,42.6510972771429,2019-09-28
"427",10,131,519,2019-09-28 18:30:00,-72.9314706327485,42.6522996292398,2019-09-28
"428",10,131,519,2019-09-28 19:30:00,-72.9304037873984,42.6508351369919,2019-09-28
"429",10,131,519,2019-09-29 10:10:00,-72.9315938176471,42.6521108929412,2019-09-29
"430",10,131,519,2019-09-29 10:50:00,-72.9307068340351,42.6506040698246,2019-09-29
"431",10,131,519,2019-10-01 18:10:00,-72.9294476406015,42.6487125894737,2019-10-01
"432",10,131,519,2019-10-01 18:20:00,-72.9316124055556,42.6524477466667,2019-10-01
"433",10,131,519,2019-10-01 19:10:00,-72.9311506391765,42.6515794183529,2019-10-01
