"","taggingSite","tagID","forkLength","adiposeClip","sex","dateTime","lon","lat"
"1","Long Run",102,478,"no","unk",2019-09-09 11:10:00,-72.9792904789067,42.6797623513444
"2","Long Run",102,478,"no","unk",2019-09-21 08:00:00,-72.9787539317803,42.67980331608
"3","Long Run",102,478,"no","unk",2019-09-22 20:30:00,-72.9867269787937,42.6795602040365
"4","Long Run",102,478,"no","unk",2019-09-24 18:50:00,-72.9804706340656,42.6799401557073
"5","Long Run",102,478,"no","unk",2019-09-25 18:20:00,-72.9785713910769,42.6796994967692
"6","Long Run",102,478,"no","unk",2019-09-26 10:00:00,-72.9791965413174,42.6797462803593
"7","Long Run",102,478,"no","unk",2019-09-28 14:30:00,-72.9786554847234,42.6797365276631
"8","Long Run",102,478,"no","unk",2019-09-28 18:50:00,-72.9793002477688,42.6798317690563
"9","Long Run",102,478,"no","unk",2019-09-29 10:30:00,-72.9786483269122,42.6797221082153
"10","Long Run",102,478,"no","unk",2019-10-01 18:40:00,-72.9806498569149,42.6798611675532
"11","Long Run",102,478,"no","unk",2019-10-05 11:20:00,-72.9782604136861,42.6797445010949
"12","Long Run",102,478,"no","unk",2019-10-06 15:30:00,-72.9767881442514,42.6798550108354
"13","Long Run",102,478,"no","unk",2019-10-06 15:40:00,-72.9836048695187,42.6795993152406
"14","Long Run",102,478,"no","unk",2019-10-10 17:40:00,-72.9831052566563,42.6798779479876
"15","Long Run",102,478,"no","unk",2019-10-10 17:50:00,-72.9777043567891,42.680911855622
"16","Long Run",102,478,"no","unk",2019-10-10 18:00:00,-72.9813623685393,42.6798521489567
"17","Long Run",103,385,"no","unk",2019-09-09 11:10:00,-72.9855768396441,42.679518680775
"18","Long Run",103,385,"no","unk",2019-09-19 16:10:00,-72.99017643369,42.67689089475
"19","Long Run",103,385,"no","unk",2019-09-22 20:20:00,-72.995935597457,42.6746573438868
"20","Long Run",103,385,"no","unk",2019-09-25 18:10:00,-72.9905270846154,42.6771099923077
"21","Long Run",103,385,"no","unk",2019-09-25 18:20:00,-72.992585140118,42.6759267259587
"22","Long Run",103,385,"no","unk",2019-09-26 09:50:00,-72.9958806891473,42.6747167775194
"23","Long Run",103,385,"no","unk",2019-09-26 10:00:00,-72.9923048167939,42.6763596914122
"24","Long Run",103,385,"no","unk",2019-09-28 14:20:00,-72.9902391266667,42.6774693218182
"25","Long Run",103,385,"no","unk",2019-09-28 14:30:00,-72.984275,42.6798314
"26","Long Run",103,385,"no","unk",2019-09-28 18:40:00,-72.9918881,42.6762831
"27","Long Run",103,385,"no","unk",2019-09-28 18:50:00,-72.9843397,42.6798414
"28","Long Run",103,385,"no","unk",2019-09-28 19:00:00,-72.9906364,42.6790231
"29","Long Run",103,385,"no","unk",2019-09-29 10:20:00,-72.9961364,42.6744481
"30","Long Run",103,385,"no","unk",2019-09-29 10:30:00,-72.9919704078947,42.6762408263158
"31","Long Run",103,385,"no","unk",2019-10-01 18:30:00,-72.9921331,42.6761864
"32","Long Run",103,385,"no","unk",2019-10-05 11:20:00,-72.9898731,42.6796314
"33","Long Run",103,385,"no","unk",2019-10-06 15:40:00,-72.9839867,42.6798997
"34","Beaver Hole",104,437,"no","unk",2019-09-09 11:10:00,-72.9902615188333,42.6779206415648
"35","Beaver Hole",104,437,"no","unk",2019-09-22 20:20:00,-72.9874069776503,42.6789113886977
"36","Beaver Hole",104,437,"no","unk",2019-09-22 20:30:00,-72.989481991718,42.6788550086481
"37","Beaver Hole",104,437,"no","unk",2019-09-24 18:40:00,-72.9904623236507,42.678473347798
"38","Beaver Hole",104,437,"no","unk",2019-09-25 18:10:00,-72.9905614437775,42.6773178376281
"39","Beaver Hole",104,437,"no","unk",2019-09-25 18:20:00,-72.9886641872706,42.6790790321101
"40","Beaver Hole",104,437,"no","unk",2019-09-26 10:00:00,-72.98858918,42.6785609103704
"41","Beaver Hole",104,437,"no","unk",2019-09-28 14:20:00,-72.9908405197436,42.6776897758974
"42","Beaver Hole",104,437,"no","unk",2019-09-28 14:30:00,-72.9893631341373,42.6787658879406
"43","Beaver Hole",104,437,"no","unk",2019-09-28 18:50:00,-72.9898751573585,42.6781007433962
"44","Beaver Hole",104,437,"no","unk",2019-09-28 19:00:00,-72.9900746719677,42.6786542571429
"45","Beaver Hole",104,437,"no","unk",2019-09-29 10:20:00,-72.9903664,42.6792747
"46","Beaver Hole",104,437,"no","unk",2019-09-29 10:30:00,-72.9900335571429,42.6784052214286
"47","Beaver Hole",104,437,"no","unk",2019-10-01 18:30:00,-72.990342302583,42.6780407420664
"48","Beaver Hole",104,437,"no","unk",2019-10-01 18:40:00,-72.9891561569507,42.6787811346786
"49","Beaver Hole",104,437,"no","unk",2019-10-01 18:50:00,-72.9963281,42.6738547
"50","Beaver Hole",104,437,"no","unk",2019-10-05 11:20:00,-72.9899755715161,42.6785246134763
"51","Beaver Hole",104,437,"no","unk",2019-10-06 15:30:00,-72.9900948522388,42.6769114373134
"52","Beaver Hole",104,437,"no","unk",2019-10-06 15:40:00,-72.9891927088517,42.6786076650718
"53","Beaver Hole",104,437,"no","unk",2019-10-10 17:40:00,-72.9898107276382,42.6789093462312
"54","Beaver Hole",104,437,"no","unk",2019-10-10 18:00:00,-72.9903067561403,42.6783923855263
"55","Shady Pool",105,342,"no","unk",2019-09-25 18:10:00,-72.9941209857143,42.6747245214286
"56","Shady Pool",105,342,"no","unk",2019-09-25 18:20:00,-72.9929892890625,42.676061606875
"57","Shady Pool",105,342,"no","unk",2019-09-26 09:50:00,-72.9954977646465,42.6744991267677
"58","Shady Pool",105,342,"no","unk",2019-09-26 10:00:00,-72.9916243819343,42.6765809540146
"59","Shady Pool",105,342,"no","unk",2019-09-26 10:10:00,-72.9963708185185,42.6739472851852
"60","Shady Pool",105,342,"no","unk",2019-09-28 14:20:00,-72.9957864,42.6747747
"61","Shady Pool",105,342,"no","unk",2019-09-28 14:30:00,-72.9962290375,42.674106425
"62","Shady Pool",105,342,"no","unk",2019-09-28 18:40:00,-72.9933561572519,42.6755280763359
"63","Shady Pool",105,342,"no","unk",2019-09-28 19:00:00,-72.9919106191176,42.6762309139706
"64","Shady Pool",105,342,"no","unk",2019-09-29 10:20:00,-72.9929692336634,42.6758584935644
"65","Shady Pool",105,342,"no","unk",2019-09-29 10:30:00,-72.9906371513889,42.6769958368056
"66","Shady Pool",105,342,"no","unk",2019-10-05 11:20:00,-72.9902307450106,42.6790371064756
"67","Shady Pool",105,342,"no","unk",2019-10-05 11:30:00,-72.9963631,42.6736914
"68","Shady Pool",105,342,"no","unk",2019-10-06 15:40:00,-72.9933592969697,42.6757287909091
"69","Shady Pool",105,342,"no","unk",2019-10-10 17:40:00,-72.9920533,42.6762531
"70","Shady Pool",105,342,"no","unk",2019-10-10 18:00:00,-72.9947514,42.6754181
"71","Shady Pool",106,483,"yes","unk",2019-09-09 11:10:00,-72.9937738308015,42.6756568974993
"72","Shady Pool",106,483,"yes","unk",2019-09-25 18:10:00,-72.9942293904762,42.6753417889724
"73","Shady Pool",106,483,"yes","unk",2019-09-25 18:20:00,-72.9959040700787,42.6747156984252
"74","Shady Pool",106,483,"yes","unk",2019-09-26 09:50:00,-72.9951127624606,42.6747475088328
"75","Shady Pool",106,483,"yes","unk",2019-09-26 10:00:00,-72.991717193924,42.6769570663291
"76","Shady Pool",106,483,"yes","unk",2019-09-26 10:10:00,-72.9962714,42.6734681
"77","Shady Pool",106,483,"yes","unk",2019-09-28 14:20:00,-72.9901547,42.6777997
"78","Shady Pool",106,483,"yes","unk",2019-09-28 14:30:00,-72.9963483,42.6739914
"79","Shady Pool",106,483,"yes","unk",2019-09-28 18:40:00,-72.9943405936803,42.6753521947955
"80","Shady Pool",106,483,"yes","unk",2019-09-28 19:00:00,-72.9932650186441,42.6758666101695
"81","Shady Pool",106,483,"yes","unk",2019-09-29 10:20:00,-72.9933133,42.6757297
"82","Shady Pool",106,483,"yes","unk",2019-10-01 18:50:00,-72.996242692108,42.6745635637591
"83","Shady Pool",106,483,"yes","unk",2019-10-06 15:30:00,-72.9963297,42.6738214
"84","Shady Pool",106,483,"yes","unk",2019-10-06 15:40:00,-72.9958983,42.6747564
"85","Shady Pool",106,483,"yes","unk",2019-10-10 17:40:00,-72.9938110505682,42.6755696471591
"86","Shady Pool",106,483,"yes","unk",2019-10-10 18:00:00,-72.9911815963563,42.6768825846154
"87","Shady Pool",107,436,"no","male",2019-09-09 11:10:00,-72.9902411943495,42.676792223701
"88","Shady Pool",107,436,"no","male",2019-09-25 18:10:00,-72.9901897856618,42.6774760610294
"89","Shady Pool",107,436,"no","male",2019-09-25 18:20:00,-72.9898881086629,42.6782728542373
"90","Shady Pool",107,436,"no","male",2019-09-26 10:00:00,-72.9901724128521,42.6783398385563
"91","Shady Pool",107,436,"no","male",2019-09-26 10:10:00,-72.9961783,42.6744664
"92","Shady Pool",107,436,"no","male",2019-09-28 14:20:00,-72.9900286860465,42.6779650581395
"93","Shady Pool",107,436,"no","male",2019-09-28 14:30:00,-72.9896893917603,42.6790979101124
"94","Shady Pool",107,436,"no","male",2019-09-28 18:40:00,-72.9905383295359,42.6766844991561
"95","Shady Pool",107,436,"no","male",2019-09-28 18:50:00,-72.9902098082353,42.677933845098
"96","Shady Pool",107,436,"no","male",2019-09-28 19:00:00,-72.9926926857939,42.6764223058496
"97","Shady Pool",107,436,"no","male",2019-09-29 10:20:00,-72.9915188987433,42.6774794508079
"98","Shady Pool",107,436,"no","male",2019-09-29 10:30:00,-72.9909715622472,42.6780650665169
"99","Shady Pool",107,436,"no","male",2019-10-01 18:30:00,-72.9905824604167,42.678721575
"100","Shady Pool",107,436,"no","male",2019-10-01 18:40:00,-72.989667327673,42.679636545912
"101","Shady Pool",107,436,"no","male",2019-10-01 18:50:00,-72.9960131,42.6746664
"102","Shady Pool",107,436,"no","male",2019-10-05 11:20:00,-72.9907543026316,42.6781955532164
"103","Shady Pool",107,436,"no","male",2019-10-05 11:30:00,-72.992605,42.6760331
"104","Shady Pool",107,436,"no","male",2019-10-06 15:30:00,-72.9901547,42.6768081
"105","Shady Pool",107,436,"no","male",2019-10-06 15:40:00,-72.9904114,42.6780864
"106","Shady Pool",107,436,"no","male",2019-10-10 17:40:00,-72.9900681,42.6773647
"107","Shady Pool",107,436,"no","male",2019-10-10 18:00:00,-72.9902455654321,42.6774481374486
"108","Shady Pool",108,346,"no","unk",2019-09-09 11:10:00,-72.9947897332391,42.6746455910416
"109","Shady Pool",108,346,"no","unk",2019-09-28 14:20:00,-72.9911781,42.6764647
"110","Shady Pool",108,346,"no","unk",2019-09-28 18:40:00,-72.9922431,42.6761581
"111","Shady Pool",108,346,"no","unk",2019-09-28 18:50:00,-72.9887064,42.6797081
"112","Shady Pool",108,346,"no","unk",2019-09-28 19:00:00,-72.9923574941176,42.6761014698529
"113","Shady Pool",108,346,"no","unk",2019-09-29 10:20:00,-72.9922836273292,42.6760957385093
"114","Shady Pool",108,346,"no","unk",2019-09-29 10:30:00,-72.99015,42.6773164
"115","Shady Pool",108,346,"no","unk",2019-10-01 18:50:00,-72.996248876087,42.6745144968379
"116","Shady Pool",108,346,"no","unk",2019-10-05 11:20:00,-72.9893067,42.6797731
"117","Shady Pool",108,346,"no","unk",2019-10-06 15:30:00,-72.9915385621622,42.6763886654054
"118","Shady Pool",108,346,"no","unk",2019-10-06 15:40:00,-72.9955278305085,42.6748886881356
"119","Shady Pool",108,346,"no","unk",2019-10-10 18:00:00,-72.99315,42.6758514
"120","Shady Pool",109,495,"no","unk",2019-09-09 11:10:00,-72.9949571431477,42.6747219848351
"121","Shady Pool",109,495,"no","unk",2019-09-21 08:00:00,-72.9948628814891,42.6753569059074
"122","Shady Pool",109,495,"no","unk",2019-09-25 18:10:00,-72.9950614070513,42.6751691448718
"123","Shady Pool",109,495,"no","unk",2019-09-25 18:20:00,-72.9956931,42.6748781
"124","Shady Pool",109,495,"no","unk",2019-09-26 09:50:00,-72.9958687318966,42.6745877146552
"125","Shady Pool",109,495,"no","unk",2019-09-26 10:00:00,-72.9920331,42.6762531
"126","Shady Pool",109,495,"no","unk",2019-09-26 10:10:00,-72.9962214,42.6744047
"127","Shady Pool",109,495,"no","unk",2019-09-28 14:20:00,-72.9961197,42.6744164
"128","Shady Pool",109,495,"no","unk",2019-09-28 14:30:00,-72.9962264,42.6743331
"129","Shady Pool",109,495,"no","unk",2019-09-28 18:40:00,-72.9943101385,42.675397299
"130","Shady Pool",109,495,"no","unk",2019-09-28 19:00:00,-72.9962105864407,42.6735537779661
"131","Shady Pool",109,495,"no","unk",2019-09-29 10:30:00,-72.9955481895522,42.674980338806
"132","Shady Pool",109,495,"no","unk",2019-10-01 18:50:00,-72.9962403269058,42.6746122766816
"133","Shady Pool",109,495,"no","unk",2019-10-06 15:30:00,-72.9959131,42.6747081
"134","Shady Pool",109,495,"no","unk",2019-10-06 15:40:00,-72.9919967,42.6762847
"135","Shady Pool",109,495,"no","unk",2019-10-10 17:40:00,-72.9953581,42.6751247
"136","Shady Pool",110,420,"no","unk",2019-09-09 11:10:00,-72.9951386555687,42.6741618481536
"137","Shady Pool",110,420,"no","unk",2019-09-19 16:10:00,-72.99579842761,42.67287000362
"138","Shady Pool",110,420,"no","unk",2019-09-25 18:20:00,-72.9931431,42.6758281
"139","Shady Pool",110,420,"no","unk",2019-09-26 09:50:00,-72.995469789313,42.6742236312977
"140","Shady Pool",110,420,"no","unk",2019-09-26 10:00:00,-72.9937268569767,42.6756415610465
"141","Shady Pool",110,420,"no","unk",2019-09-26 10:10:00,-72.9942097,42.6711897
"142","Shady Pool",110,420,"no","unk",2019-09-28 14:20:00,-72.9943576620438,42.6752664861314
"143","Shady Pool",110,420,"no","unk",2019-09-28 18:40:00,-72.9939851651163,42.6755522581395
"144","Shady Pool",110,420,"no","unk",2019-09-28 19:00:00,-72.9936211409836,42.6757620622951
"145","Shady Pool",110,420,"no","unk",2019-09-29 10:20:00,-72.9930544204724,42.675835484252
"146","Shady Pool",110,420,"no","unk",2019-09-29 10:30:00,-72.9934901450644,42.6757120330472
"147","Shady Pool",110,420,"no","unk",2019-10-01 18:30:00,-72.9949456052632,42.6747698157895
"148","Shady Pool",110,420,"no","unk",2019-10-01 18:50:00,-72.9959924946583,42.6744211586803
"149","Shady Pool",110,420,"no","unk",2019-10-05 11:20:00,-72.9941387836735,42.6751376336735
"150","Shady Pool",110,420,"no","unk",2019-10-05 11:30:00,-72.9944586588235,42.6753575117647
"151","Shady Pool",110,420,"no","unk",2019-10-06 15:30:00,-72.9868474781818,42.6757007472727
"152","Shady Pool",110,420,"no","unk",2019-10-06 15:40:00,-72.9934860368159,42.675315061194
"153","Shady Pool",110,420,"no","unk",2019-10-10 17:40:00,-72.9943060540323,42.6750637625
"154","Shady Pool",110,420,"no","unk",2019-10-10 18:00:00,-72.9939060837725,42.6753023033287
"155","Shady Pool",111,390,"no","unk",2019-09-09 11:10:00,-72.9962741677,42.67371241
"156","Shady Pool",111,390,"no","unk",2019-09-25 18:10:00,-72.9915247,42.6763597
"157","Shady Pool",111,390,"no","unk",2019-09-26 10:00:00,-72.9931873691964,42.6758800205357
"158","Shady Pool",111,390,"no","unk",2019-09-28 14:30:00,-72.9963133,42.6741364
"159","Shady Pool",111,390,"no","unk",2019-09-28 18:40:00,-72.9941047044068,42.6753522033898
"160","Shady Pool",111,390,"no","unk",2019-09-28 19:00:00,-72.9941635403571,42.6754507960714
"161","Shady Pool",111,390,"no","unk",2019-09-29 10:20:00,-72.9923277181818,42.6760703363636
"162","Shady Pool",111,390,"no","unk",2019-09-29 10:30:00,-72.996155472067,42.6743993011173
"163","Shady Pool",111,390,"no","unk",2019-10-01 18:50:00,-72.9960700380734,42.6745527825688
"164","Shady Pool",111,390,"no","unk",2019-10-05 11:20:00,-72.9963133,42.6740564
"165","Shady Pool",111,390,"no","unk",2019-10-05 11:30:00,-72.991829139416,42.6763160671533
"166","Shady Pool",111,390,"no","unk",2019-10-06 15:30:00,-72.9899514,42.6769414
"167","Shady Pool",111,390,"no","unk",2019-10-06 15:40:00,-72.9937760137405,42.6754399496183
"168","Shady Pool",111,390,"no","unk",2019-10-10 18:00:00,-72.9934730285714,42.675717189011
"169","Hoosac Tunnel Bridge",112,447,"no","male",2019-09-09 11:10:00,-72.9948506722903,42.6727674904233
"170","Hoosac Tunnel Bridge",112,447,"no","male",2019-09-21 08:00:00,-72.9963374594226,42.6740914648399
"171","Hoosac Tunnel Bridge",112,447,"no","male",2019-09-22 20:30:00,-72.9963819757104,42.6740795876831
"172","Hoosac Tunnel Bridge",112,447,"no","male",2019-09-24 18:40:00,-72.9961702991277,42.6744348378852
"173","Hoosac Tunnel Bridge",112,447,"no","male",2019-09-25 18:10:00,-72.9954062203125,42.6726302284375
"174","Hoosac Tunnel Bridge",112,447,"no","male",2019-09-25 18:20:00,-72.9954526550976,42.673090767679
"175","Hoosac Tunnel Bridge",112,447,"no","male",2019-09-26 09:50:00,-72.9946682079755,42.6717299760736
"176","Hoosac Tunnel Bridge",112,447,"no","male",2019-09-26 10:10:00,-72.9952669301325,42.6725945811258
"177","Hoosac Tunnel Bridge",112,447,"no","male",2019-09-28 14:20:00,-72.9954801729508,42.6731480495902
"178","Hoosac Tunnel Bridge",112,447,"no","male",2019-09-28 14:30:00,-72.996145,42.6744464
"179","Hoosac Tunnel Bridge",112,447,"no","male",2019-09-28 18:40:00,-72.9952471816716,42.6726703036657
"180","Hoosac Tunnel Bridge",112,447,"no","male",2019-09-28 19:00:00,-72.99537212711,42.6738438
"181","Hoosac Tunnel Bridge",112,447,"no","male",2019-09-29 10:20:00,-72.99498126875,42.6731790857143
"182","Hoosac Tunnel Bridge",112,447,"no","male",2019-09-29 10:30:00,-72.9954678870912,42.6734216134251
"183","Hoosac Tunnel Bridge",112,447,"no","male",2019-10-01 18:30:00,-72.9952770274278,42.6735678083989
"184","Hoosac Tunnel Bridge",112,447,"no","male",2019-10-01 18:50:00,-72.9961374360768,42.6743898527663
"185","Hoosac Tunnel Bridge",112,447,"no","male",2019-10-05 11:10:00,-72.9940697,42.6711514
"186","Hoosac Tunnel Bridge",112,447,"no","male",2019-10-05 11:20:00,-72.9958280784173,42.6741308352518
"187","Hoosac Tunnel Bridge",112,447,"no","male",2019-10-05 11:30:00,-72.9953610141447,42.6724648733553
"188","Hoosac Tunnel Bridge",112,447,"no","male",2019-10-06 15:30:00,-72.9952867616541,42.6725463458647
"189","Hoosac Tunnel Bridge",112,447,"no","male",2019-10-06 15:40:00,-72.9955204269488,42.6735109570156
"190","Hoosac Tunnel Bridge",112,447,"no","male",2019-10-10 17:40:00,-72.9959795572369,42.6730658513158
"191","Hoosac Tunnel Bridge",112,447,"no","male",2019-10-10 18:00:00,-72.9958355099174,42.6731623090909
"192","Hoosac Tunnel Bridge",113,372,"no","male",2019-09-09 11:10:00,-72.9900716012,42.67688873225
"193","Hoosac Tunnel Bridge",113,372,"no","male",2019-09-22 20:20:00,-72.99365816731,42.6757516432554
"194","Hoosac Tunnel Bridge",113,372,"no","male",2019-09-25 18:10:00,-72.9899414,42.6770947
"195","Hoosac Tunnel Bridge",113,372,"no","male",2019-09-25 18:20:00,-72.9902017,42.6775564
"196","Hoosac Tunnel Bridge",113,372,"no","male",2019-09-26 10:00:00,-72.9901889205882,42.6773300827731
"197","Hoosac Tunnel Bridge",113,372,"no","male",2019-09-28 18:50:00,-72.989999042029,42.6772718347826
"198","Hoosac Tunnel Bridge",113,372,"no","male",2019-09-28 19:00:00,-72.9902692533951,42.6778873425926
"199","Hoosac Tunnel Bridge",113,372,"no","male",2019-10-01 18:30:00,-72.9957001839506,42.6730844530864
"200","Hoosac Tunnel Bridge",113,372,"no","male",2019-10-01 18:50:00,-72.9949271653903,42.6725468569956
"201","Hoosac Tunnel Bridge",113,372,"no","male",2019-10-05 11:20:00,-72.98967999,42.67923903625
"202","Hoosac Tunnel Bridge",113,372,"no","male",2019-10-06 15:40:00,-72.9907022012097,42.6780230314516
"203","Bridge to Nowhere",114,390,"yes","unk",2019-09-09 11:10:00,-72.993939019893,42.6710558523217
"204","Bridge to Nowhere",114,390,"yes","unk",2019-09-19 16:10:00,-72.98863381984,42.6668546973
"205","Bridge to Nowhere",114,390,"yes","unk",2019-09-21 07:50:00,-72.9846758935601,42.665389993228
"206","Bridge to Nowhere",114,390,"yes","unk",2019-09-21 08:10:00,-72.9856796348467,42.6655788961798
"207","Bridge to Nowhere",114,390,"yes","unk",2019-09-22 20:20:00,-72.986915496178,42.6660694805905
"208","Bridge to Nowhere",114,390,"yes","unk",2019-09-22 20:30:00,-72.9888645904139,42.6670372718945
"209","Bridge to Nowhere",114,390,"yes","unk",2019-09-24 18:40:00,-72.9845367204398,42.6653867997229
"210","Bridge to Nowhere",114,390,"yes","unk",2019-09-25 18:10:00,-72.9864848564792,42.6659781865526
"211","Bridge to Nowhere",114,390,"yes","unk",2019-09-25 18:20:00,-72.9862311849206,42.6658000361111
"212","Bridge to Nowhere",114,390,"yes","unk",2019-09-25 18:30:00,-72.9796351181818,42.6632973694215
"213","Bridge to Nowhere",114,390,"yes","unk",2019-09-26 09:50:00,-72.9869149436747,42.6661468060241
"214","Bridge to Nowhere",114,390,"yes","unk",2019-09-26 10:10:00,-72.9872511935543,42.6663012198895
"215","Bridge to Nowhere",114,390,"yes","unk",2019-09-28 14:20:00,-72.9870520415525,42.6662526600457
"216","Bridge to Nowhere",114,390,"yes","unk",2019-09-28 14:30:00,-72.98771273875,42.666615065
"217","Bridge to Nowhere",114,390,"yes","unk",2019-09-28 18:40:00,-72.9872789002273,42.6664330684091
"218","Bridge to Nowhere",114,390,"yes","unk",2019-09-28 19:00:00,-72.986993069489,42.6662251340146
"219","Bridge to Nowhere",114,390,"yes","unk",2019-09-29 10:20:00,-72.9871556945508,42.6662121927835
"220","Bridge to Nowhere",114,390,"yes","unk",2019-09-29 10:30:00,-72.9914163763975,42.6689045285714
"221","Bridge to Nowhere",114,390,"yes","unk",2019-09-29 10:40:00,-72.9882684126615,42.66668985323
"222","Bridge to Nowhere",114,390,"yes","unk",2019-10-01 18:30:00,-72.987641947541,42.666512145082
"223","Bridge to Nowhere",114,390,"yes","unk",2019-10-01 19:00:00,-72.9864780069652,42.6659376411277
"224","Bridge to Nowhere",114,390,"yes","unk",2019-10-05 11:10:00,-72.9875047853242,42.6664851680887
"225","Bridge to Nowhere",114,390,"yes","unk",2019-10-05 11:30:00,-72.9876222022901,42.6664644547074
"226","Bridge to Nowhere",114,390,"yes","unk",2019-10-06 15:20:00,-72.9865402555759,42.6660711968921
"227","Bridge to Nowhere",114,390,"yes","unk",2019-10-06 15:40:00,-72.9860283601113,42.6659098781076
"228","Bridge to Nowhere",114,390,"yes","unk",2019-10-10 17:40:00,-72.9884983023622,42.6669368094488
"229","Bridge to Nowhere",114,390,"yes","unk",2019-10-10 18:00:00,-72.9869654062849,42.6662423534916
"230","Bridge to Nowhere",115,360,"yes","unk",2019-09-09 11:10:00,-72.994719951622,42.6718562467817
"231","Bridge to Nowhere",115,360,"yes","unk",2019-09-19 16:00:00,-72.99499102404,42.67518226058
"232","Bridge to Nowhere",115,360,"yes","unk",2019-09-19 16:10:00,-72.99376171734,42.67090982851
"233","Bridge to Nowhere",115,360,"yes","unk",2019-09-22 20:20:00,-72.9926939969882,42.6700022444129
"234","Bridge to Nowhere",115,360,"yes","unk",2019-09-24 18:50:00,-72.9957120772451,42.6728346822783
"235","Bridge to Nowhere",115,360,"yes","unk",2019-09-25 18:10:00,-72.9956123470119,42.672912209761
"236","Bridge to Nowhere",115,360,"yes","unk",2019-09-25 18:20:00,-72.9952412719439,42.6724218541082
"237","Bridge to Nowhere",115,360,"yes","unk",2019-09-26 09:50:00,-72.9953710892377,42.6724148632287
"238","Bridge to Nowhere",115,360,"yes","unk",2019-09-26 10:10:00,-72.9960164,42.6731181
"239","Bridge to Nowhere",115,360,"yes","unk",2019-09-28 14:20:00,-72.9937762585034,42.6709115612245
"240","Bridge to Nowhere",115,360,"yes","unk",2019-09-28 14:30:00,-72.9953295588235,42.6724007220588
"241","Bridge to Nowhere",115,360,"yes","unk",2019-09-28 18:40:00,-72.9962664,42.6734847
"242","Bridge to Nowhere",115,360,"yes","unk",2019-09-28 19:00:00,-72.9943521107981,42.6714459328638
"243","Bridge to Nowhere",115,360,"yes","unk",2019-09-29 10:20:00,-72.994800866875,42.6719277875
"244","Bridge to Nowhere",115,360,"yes","unk",2019-09-29 10:30:00,-72.9932997,42.6704031
"245","Bridge to Nowhere",115,360,"yes","unk",2019-10-01 18:30:00,-72.9949390795602,42.6720865902975
"246","Bridge to Nowhere",115,360,"yes","unk",2019-10-01 18:50:00,-72.995546032169,42.6733769787977
"247","Bridge to Nowhere",115,360,"yes","unk",2019-10-05 11:10:00,-72.9941134560768,42.671294282516
"248","Bridge to Nowhere",115,360,"yes","unk",2019-10-05 11:20:00,-72.9960342707317,42.6744973682927
"249","Bridge to Nowhere",115,360,"yes","unk",2019-10-05 11:30:00,-72.9950363662732,42.6722170738617
"250","Bridge to Nowhere",115,360,"yes","unk",2019-10-06 15:20:00,-72.9929714,42.6702297
"251","Bridge to Nowhere",115,360,"yes","unk",2019-10-06 15:30:00,-72.9951593746459,42.6731164412181
"252","Bridge to Nowhere",115,360,"yes","unk",2019-10-06 15:40:00,-72.994806134873,42.6719104919169
"253","Bridge to Nowhere",115,360,"yes","unk",2019-10-10 18:20:00,-72.9094572347092,42.6401945690432
"254","Bridge to Nowhere",116,344,"yes","male",2019-09-09 11:00:00,-72.9891225616836,42.6672803489981
"255","Bridge to Nowhere",116,344,"yes","male",2019-09-09 11:10:00,-72.9921937603472,42.6696167023071
"256","Bridge to Nowhere",116,344,"yes","male",2019-09-19 16:00:00,-72.99252449814,42.66968379076
"257","Bridge to Nowhere",116,344,"yes","male",2019-09-22 20:30:00,-72.9909398569337,42.6685319050448
"258","Bridge to Nowhere",116,344,"yes","male",2019-09-25 18:10:00,-72.9915334156535,42.669071468845
"259","Bridge to Nowhere",116,344,"yes","male",2019-09-25 18:20:00,-72.9926148774194,42.6699362120968
"260","Bridge to Nowhere",116,344,"yes","male",2019-09-26 09:50:00,-72.9924295807384,42.6697272903692
"261","Bridge to Nowhere",116,344,"yes","male",2019-09-26 10:10:00,-72.9919245953782,42.669342737395
"262","Bridge to Nowhere",116,344,"yes","male",2019-09-28 14:20:00,-72.9912353572193,42.6688729363636
"263","Bridge to Nowhere",116,344,"yes","male",2019-09-28 14:30:00,-72.9917247700965,42.6691952897106
"264","Bridge to Nowhere",116,344,"yes","male",2019-09-28 18:40:00,-72.993004613285,42.6703037942029
"265","Bridge to Nowhere",116,344,"yes","male",2019-09-28 19:00:00,-72.9917402934783,42.6691570342995
"266","Bridge to Nowhere",116,344,"yes","male",2019-09-29 10:20:00,-72.9912525809896,42.6688195325521
"267","Bridge to Nowhere",116,344,"yes","male",2019-09-29 10:30:00,-72.9917853022082,42.6691981722397
"268","Bridge to Nowhere",116,344,"yes","male",2019-09-29 10:40:00,-72.9884814,42.6667731
"269","Bridge to Nowhere",116,344,"yes","male",2019-10-01 18:30:00,-72.9917806122642,42.6692646311321
"270","Bridge to Nowhere",116,344,"yes","male",2019-10-01 18:50:00,-72.9910678963303,42.6686534211009
"271","Bridge to Nowhere",116,344,"yes","male",2019-10-01 19:00:00,-72.9897617,42.6675864
"272","Bridge to Nowhere",116,344,"yes","male",2019-10-05 11:10:00,-72.991526525876,42.6690789479784
"273","Bridge to Nowhere",116,344,"yes","male",2019-10-05 11:30:00,-72.9914053074219,42.6689210017578
"274","Bridge to Nowhere",116,344,"yes","male",2019-10-06 15:20:00,-72.9912325942953,42.6688816687919
"275","Bridge to Nowhere",116,344,"yes","male",2019-10-06 15:30:00,-72.9943879336283,42.6715251424779
"276","Bridge to Nowhere",116,344,"yes","male",2019-10-06 15:40:00,-72.9917319209952,42.669284856432
"277","Bridge to Nowhere",116,344,"yes","male",2019-10-10 17:20:00,-72.9061231,42.6365447
"278","Bridge to Nowhere",116,344,"yes","male",2019-10-10 17:40:00,-72.9917796968839,42.6692262447592
"279","Bridge to Nowhere",116,344,"yes","male",2019-10-10 18:00:00,-72.9918554068592,42.6693119743682
"280","Pinball",117,360,"yes","unk",2019-09-09 10:50:00,-72.9327465501,42.6532651763
"281","Pinball",117,360,"yes","unk",2019-09-09 11:00:00,-72.9784155179085,42.6624283135858
"282","Pinball",117,360,"yes","unk",2019-09-19 16:00:00,-72.9766823994,42.66096828785
"283","Pinball",117,360,"yes","unk",2019-09-21 07:50:00,-72.9717413177714,42.662747179158
"284","Pinball",117,360,"yes","unk",2019-09-22 20:10:00,-72.9763496294618,42.660747885704
"285","Pinball",117,360,"yes","unk",2019-09-22 20:30:00,-72.9776556473225,42.6614618897438
"286","Pinball",117,360,"yes","unk",2019-09-22 20:40:00,-72.9714391836897,42.6629711519927
"287","Pinball",117,360,"yes","unk",2019-09-24 18:30:00,-72.9752470236271,42.6604792289436
"288","Pinball",117,360,"yes","unk",2019-09-25 18:10:00,-72.9740410982906,42.6612194737179
"289","Pinball",117,360,"yes","unk",2019-09-25 18:30:00,-72.9757386872611,42.660687733758
"290","Pinball",117,360,"yes","unk",2019-09-25 18:40:00,-72.973777908,42.661179549
"291","Pinball",117,360,"yes","unk",2019-09-26 09:50:00,-72.9755359260162,42.6613537195122
"292","Pinball",117,360,"yes","unk",2019-09-26 10:10:00,-72.9748803351579,42.6612000004211
"293","Pinball",117,360,"yes","unk",2019-09-28 14:20:00,-72.976922438705,42.6618013896403
"294","Pinball",117,360,"yes","unk",2019-09-28 14:30:00,-72.9766499731915,42.6607795221277
"295","Pinball",117,360,"yes","unk",2019-09-28 14:40:00,-72.9738185397661,42.6611364385965
"296","Pinball",117,360,"yes","unk",2019-09-28 18:40:00,-72.9735446366154,42.6614359590769
"297","Pinball",117,360,"yes","unk",2019-09-28 19:20:00,-72.9757353790427,42.6609960815006
"298","Pinball",117,360,"yes","unk",2019-09-29 10:20:00,-72.995867151634,42.6735732189542
"299","Pinball",117,360,"yes","unk",2019-09-29 10:30:00,-72.9955828928058,42.6730281546763
"300","Pinball",117,360,"yes","unk",2019-10-01 18:30:00,-72.978105936875,42.662003694375
"301","Pinball",117,360,"yes","unk",2019-10-01 19:00:00,-72.9795821810959,42.6629225089041
"302","Pinball",117,360,"yes","unk",2019-10-05 11:10:00,-72.9634122953441,42.6643229074899
"303","Pinball",117,360,"yes","unk",2019-10-05 11:30:00,-72.9629320810606,42.6643635166667
"304","Pinball",117,360,"yes","unk",2019-10-06 15:20:00,-72.9645814335125,42.6642867521505
"305","Pinball",117,360,"yes","unk",2019-10-06 15:50:00,-72.9656161527831,42.6637257556622
"306","Pinball",117,360,"yes","unk",2019-10-10 17:40:00,-72.9796033792899,42.6630776757396
"307","Pinball",117,360,"yes","unk",2019-10-10 18:00:00,-72.9796557818618,42.6633415791107
"308","Pinball",117,360,"yes","unk",2019-10-10 18:10:00,-72.97771259,42.6616983853846
"309","Pinball",118,351,"yes","male",2019-09-09 11:00:00,-72.9737503806191,42.6615171573283
"310","Pinball",118,351,"yes","male",2019-09-22 20:40:00,-72.9767580041662,42.6607908681035
"311","Pinball",118,351,"yes","male",2019-09-25 18:10:00,-72.9739554570479,42.6615840132979
"312","Pinball",118,351,"yes","male",2019-09-25 18:30:00,-72.9770763341122,42.6612753943925
"313","Pinball",118,351,"yes","male",2019-09-25 18:40:00,-72.9733752935943,42.6614875576512
"314","Pinball",118,351,"yes","male",2019-09-26 09:50:00,-72.9736760790026,42.6615296312336
"315","Pinball",118,351,"yes","male",2019-09-26 10:10:00,-72.9734293049494,42.6616000268841
"316","Pinball",118,351,"yes","male",2019-09-28 14:10:00,-72.9709517,42.6632231
"317","Pinball",118,351,"yes","male",2019-09-28 14:20:00,-72.9748645870021,42.6609532622642
"318","Pinball",118,351,"yes","male",2019-09-28 14:30:00,-72.9768694845528,42.660957904065
"319","Pinball",118,351,"yes","male",2019-09-28 14:40:00,-72.9732088736041,42.6616102324873
"320","Pinball",118,351,"yes","male",2019-09-28 18:40:00,-72.9733967189024,42.6618722554878
"321","Pinball",118,351,"yes","male",2019-09-28 19:00:00,-72.9794955096457,42.6631954964567
"322","Pinball",118,351,"yes","male",2019-09-28 19:10:00,-72.9794916223684,42.6631956097588
"323","Pinball",118,351,"yes","male",2019-09-28 19:20:00,-72.977077906192,42.6620106934985
"324","Pinball",118,351,"yes","male",2019-09-29 10:20:00,-72.9738917329513,42.6617615859599
"325","Pinball",118,351,"yes","male",2019-09-29 10:40:00,-72.9746309983687,42.6610705900489
"326","Pinball",118,351,"yes","male",2019-10-01 18:30:00,-72.9735126111396,42.6614854267606
"327","Pinball",118,351,"yes","male",2019-10-01 19:00:00,-72.9741399962963,42.6612343193416
"328","Pinball",118,351,"yes","male",2019-10-05 11:10:00,-72.9729165683938,42.6618582393782
"329","Pinball",118,351,"yes","male",2019-10-05 11:30:00,-72.975630561982,42.6611601185586
"330","Pinball",118,351,"yes","male",2019-10-06 15:20:00,-72.9738913265464,42.6617676729381
"331","Pinball",118,351,"yes","male",2019-10-06 15:40:00,-72.9737289014388,42.661288376259
"332","Pinball",118,351,"yes","male",2019-10-10 17:40:00,-72.9734330437247,42.6616499408907
"333","Pinball",118,351,"yes","male",2019-10-10 18:10:00,-72.9733325238656,42.6615289221849
"334","Pinball",119,357,"no","unk",2019-09-09 11:00:00,-72.9802123966217,42.6634126223606
"335","Pinball",119,357,"no","unk",2019-09-22 20:10:00,-72.980902209878,42.6641403939575
"336","Pinball",119,357,"no","unk",2019-09-22 20:30:00,-72.9808841468766,42.6641193972901
"337","Pinball",119,357,"no","unk",2019-09-25 18:10:00,-72.9797626323615,42.6631344574344
"338","Pinball",119,357,"no","unk",2019-09-25 18:20:00,-72.9833366456,42.66498594
"339","Pinball",119,357,"no","unk",2019-09-25 18:30:00,-72.9796070947446,42.663276510412
"340","Pinball",119,357,"no","unk",2019-09-26 09:50:00,-72.9808711358974,42.6637407356125
"341","Pinball",119,357,"no","unk",2019-09-26 10:10:00,-72.9796122595181,42.6631517216868
"342","Pinball",119,357,"no","unk",2019-09-28 14:20:00,-72.9798239730918,42.6634041207633
"343","Pinball",119,357,"no","unk",2019-09-28 14:30:00,-72.9814667202401,42.6640985797599
"344","Pinball",119,357,"no","unk",2019-09-28 18:40:00,-72.978850400885,42.6625836150442
"345","Pinball",119,357,"no","unk",2019-09-28 19:00:00,-72.9797376653044,42.6633361014474
"346","Pinball",119,357,"no","unk",2019-09-28 19:10:00,-72.9794921762739,42.6631955996262
"347","Pinball",119,357,"no","unk",2019-09-28 19:20:00,-72.9791384126732,42.6629826344977
"348","Pinball",119,357,"no","unk",2019-09-29 10:20:00,-72.9796407076596,42.6632328668085
"349","Pinball",119,357,"no","unk",2019-09-29 10:40:00,-72.9798075243243,42.6631290652027
"350","Pinball",119,357,"no","unk",2019-10-01 18:30:00,-72.9803815381443,42.6634643536082
"351","Pinball",119,357,"no","unk",2019-10-01 19:00:00,-72.97878348875,42.6625204414583
"352","Pinball",119,357,"no","unk",2019-10-05 11:10:00,-72.9788365294702,42.6627795289735
"353","Pinball",119,357,"no","unk",2019-10-05 11:30:00,-72.9798263580182,42.6632217254237
"354","Pinball",119,357,"no","unk",2019-10-06 15:20:00,-72.9795867,42.6632814
"355","Pinball",119,357,"no","unk",2019-10-06 15:40:00,-72.9805064,42.6638697
"356","Pinball",119,357,"no","unk",2019-10-10 17:40:00,-72.9799714,42.6634781
"357","Pinball",119,357,"no","unk",2019-10-10 18:00:00,-72.9795771593704,42.6632975114202
"358","Pinball",119,357,"no","unk",2019-10-10 18:10:00,-72.9793333,42.6630397
"359","Beaver Island",120,495,"no","male",2019-09-09 11:00:00,-72.9610208122702,42.6658374537929
"360","Beaver Island",120,495,"no","male",2019-09-19 15:50:00,-72.96123278326,42.66641450488
"361","Beaver Island",120,495,"no","male",2019-09-24 19:00:00,-72.9620757009834,42.6657254537567
"362","Beaver Island",120,495,"no","male",2019-09-25 18:10:00,-72.9626464,42.6647247
"363","Beaver Island",120,495,"no","male",2019-09-25 18:40:00,-72.9596631,42.6662831
"364","Beaver Island",120,495,"no","male",2019-09-26 09:50:00,-72.9621447824524,42.6651980577167
"365","Beaver Island",120,495,"no","male",2019-09-26 10:10:00,-72.9622052918429,42.6651364223565
"366","Beaver Island",120,495,"no","male",2019-09-28 14:10:00,-72.96180472263,42.665630129052
"367","Beaver Island",120,495,"no","male",2019-09-28 14:40:00,-72.9619511861905,42.6654964
"368","Beaver Island",120,495,"no","male",2019-09-28 18:40:00,-72.9614153733333,42.6661647223529
"369","Beaver Island",120,495,"no","male",2019-09-28 19:20:00,-72.9617909289125,42.6652275095491
"370","Beaver Island",120,495,"no","male",2019-09-28 19:30:00,-72.9593733,42.6662997
"371","Beaver Island",120,495,"no","male",2019-09-29 10:20:00,-72.9620703903846,42.66524075
"372","Beaver Island",120,495,"no","male",2019-09-29 10:40:00,-72.9623254732095,42.6650328013263
"373","Beaver Island",120,495,"no","male",2019-10-01 18:20:00,-72.9617833,42.6660481
"374","Beaver Island",120,495,"no","male",2019-10-01 18:30:00,-72.9635481,42.6637914
"375","Beaver Island",120,495,"no","male",2019-10-05 11:10:00,-72.9625283338462,42.6650420130769
"376","Beaver Island",120,495,"no","male",2019-10-05 11:30:00,-72.9627382699597,42.6648714985887
"377","Beaver Island",120,495,"no","male",2019-10-06 15:20:00,-72.9618014,42.6660731
"378","Beaver Island",120,495,"no","male",2019-10-06 15:50:00,-72.9616254201695,42.665737450678
"379","Beaver Island",120,495,"no","male",2019-10-10 17:40:00,-72.9626982238095,42.6648490263158
"380","Beaver Island",120,495,"no","male",2019-10-10 18:10:00,-72.9619113270992,42.6654737164122
"381","Beaver Island",121,535,"no","unk",2019-09-09 11:00:00,-72.9630088869846,42.6646856705682
"382","Beaver Island",121,535,"no","unk",2019-09-19 16:00:00,-72.9634198921483,42.6643990895394
"383","Beaver Island",121,535,"no","unk",2019-09-25 18:10:00,-72.9625047,42.6651731
"384","Beaver Island",121,535,"no","unk",2019-09-25 18:40:00,-72.9628579581633,42.6648291153061
"385","Beaver Island",121,535,"no","unk",2019-09-26 09:50:00,-72.9635765542857,42.6639680142857
"386","Beaver Island",121,535,"no","unk",2019-09-26 10:10:00,-72.9630964,42.6640447
"387","Beaver Island",121,535,"no","unk",2019-09-28 14:10:00,-72.9628977610687,42.6644644740458
"388","Beaver Island",121,535,"no","unk",2019-09-28 14:40:00,-72.9629441054475,42.6645779649805
"389","Beaver Island",121,535,"no","unk",2019-09-28 18:40:00,-72.9623890995968,42.6651113274194
"390","Beaver Island",121,535,"no","unk",2019-09-28 19:20:00,-72.9629924143836,42.6645845071918
"391","Beaver Island",121,535,"no","unk",2019-09-29 10:20:00,-72.9625148973799,42.6650376663755
"392","Beaver Island",121,535,"no","unk",2019-10-01 18:20:00,-72.9622772448276,42.6655448241379
"393","Beaver Island",121,535,"no","unk",2019-10-01 18:30:00,-72.9627975193548,42.6644380024194
"394","Beaver Island",121,535,"no","unk",2019-10-01 19:00:00,-72.9617885235294,42.6659706042017
"395","Beaver Island",121,535,"no","unk",2019-10-05 11:10:00,-72.9628904095709,42.6647103145215
"396","Beaver Island",121,535,"no","unk",2019-10-05 11:30:00,-72.9637140252427,42.664080434466
"397","Beaver Island",121,535,"no","unk",2019-10-06 15:20:00,-72.9630200164383,42.6646755876712
"398","Beaver Island",121,535,"no","unk",2019-10-06 15:50:00,-72.9624406,42.6649629229008
"399","Beaver Island",121,535,"no","unk",2019-10-10 17:40:00,-72.9625661113402,42.6650268649485
"400","Beaver Island",121,535,"no","unk",2019-10-10 18:10:00,-72.9626504144144,42.664760854955
"401","Beaver Island",122,442,"no","unk",2019-09-09 11:00:00,-72.9627239226061,42.664859923986
"402","Beaver Island",122,442,"no","unk",2019-09-19 16:00:00,-72.9638951273728,42.6638348453031
"403","Beaver Island",122,442,"no","unk",2019-09-28 18:40:00,-72.9581583,42.6661797
"404","Beaver Island",122,442,"no","unk",2019-09-29 10:20:00,-72.9595367,42.6663214
"405","Beaver Island",122,442,"no","unk",2019-10-01 19:00:00,-72.9607921692308,42.6663598615385
"406","Beaver Island",122,442,"no","unk",2019-10-10 18:10:00,-72.9587297699187,42.6662606349593
"407","Beaver Island",123,336,"yes","unk",2019-09-09 11:00:00,-72.9577794414461,42.6657378305253
"408","Beaver Island",123,336,"yes","unk",2019-09-25 18:10:00,-72.9582231,42.6661797
"409","Beaver Island",123,336,"yes","unk",2019-09-28 14:10:00,-72.9576,42.6656531
"410","Beaver Island",123,336,"yes","unk",2019-09-28 19:30:00,-72.9581947,42.6661631
"411","Beaver Island",123,336,"yes","unk",2019-09-29 10:20:00,-72.9588131,42.6662714
"412","Beaver Island",123,336,"yes","unk",2019-09-29 10:40:00,-72.9585683,42.6661814
"413","Beaver Island",123,336,"yes","unk",2019-10-05 11:10:00,-72.9575364,42.6654981
"414","Beaver Island",123,336,"yes","unk",2019-10-05 11:30:00,-72.9582397,42.6661897
"415","Beaver Island",123,336,"yes","unk",2019-10-06 15:50:00,-72.9610664,42.6664114
"416","Beaver Island",124,326,"no","male",2019-09-09 11:10:00,-72.9904701443318,42.676898344381
"417","Beaver Island",124,326,"no","male",2019-09-25 18:10:00,-72.9902281,42.6778831
"418","Beaver Island",124,326,"no","male",2019-09-26 10:00:00,-72.9898597,42.6796314
"419","Beaver Island",124,326,"no","male",2019-09-28 18:50:00,-72.9896108891403,42.6791639307692
"420","Beaver Island",124,326,"no","male",2019-09-29 10:30:00,-72.9904647,42.6781031
"421","Beaver Island",124,326,"no","male",2019-10-01 18:30:00,-72.9902543818898,42.6778897
"422","Beaver Island",124,326,"no","male",2019-10-01 18:50:00,-72.9962372675799,42.6746113223744
"423","Beaver Island",124,326,"no","male",2019-10-05 11:10:00,-72.9681260102041,42.6635623855102
"424","Beaver Island",124,326,"no","male",2019-10-05 11:30:00,-72.9683513686703,42.6634976074681
"425","Beaver Island",124,326,"no","male",2019-10-06 15:20:00,-72.9662263315789,42.6639276955466
"426","Beaver Island",124,326,"no","male",2019-10-06 15:50:00,-72.9670601718232,42.6636618085635
"427","Beaver Island",124,326,"no","male",2019-10-10 17:40:00,-72.9777138028037,42.6614669305296
"428","Beaver Island",124,326,"no","male",2019-10-10 18:00:00,-72.9795774006393,42.6632975292237
"429","Beaver Island",124,326,"no","male",2019-10-10 18:10:00,-72.9758962604167,42.6620171277778
"430","Take Out",125,423,"no","unk",2019-09-09 11:00:00,-72.9553908482029,42.6630326549706
"431","Take Out",125,423,"no","unk",2019-09-22 20:40:00,-72.9560873005539,42.6592603996396
"432","Take Out",125,423,"no","unk",2019-09-25 18:40:00,-72.9557052934118,42.6618928167059
"433","Take Out",125,423,"no","unk",2019-09-26 10:10:00,-72.95554,42.6632631
"434","Take Out",125,423,"no","unk",2019-09-28 14:10:00,-72.9557131,42.6638364
"435","Take Out",125,423,"no","unk",2019-09-28 18:30:00,-72.9555915930233,42.660147012093
"436","Take Out",125,423,"no","unk",2019-09-28 18:40:00,-72.9559764,42.6641297
"437","Take Out",125,423,"no","unk",2019-09-28 19:30:00,-72.9562010288136,42.6632290576271
"438","Take Out",125,423,"no","unk",2019-09-29 10:20:00,-72.9563069142857,42.664088175
"439","Take Out",125,423,"no","unk",2019-09-29 10:40:00,-72.9559707951219,42.662728150813
"440","Take Out",125,423,"no","unk",2019-10-01 18:20:00,-72.9554297,42.6631747
"441","Take Out",125,423,"no","unk",2019-10-01 19:00:00,-72.9556025875,42.6627470253472
"442","Take Out",125,423,"no","unk",2019-10-05 11:10:00,-72.9555492116279,42.6620098872093
"443","Take Out",125,423,"no","unk",2019-10-05 11:30:00,-72.9560446676113,42.6639728991903
"444","Take Out",125,423,"no","unk",2019-10-06 15:20:00,-72.9556480818182,42.6637145981818
"445","Take Out",125,423,"no","unk",2019-10-06 15:50:00,-72.9556566845361,42.6636235680412
"446","Take Out",125,423,"no","unk",2019-10-10 17:30:00,-72.955759954717,42.6635171235849
"447","Take Out",125,423,"no","unk",2019-10-10 18:10:00,-72.955682510084,42.6628049890756
"448","Pelham Brook",126,431,"no","male",2019-09-09 10:50:00,-72.9408486315813,42.654873896818
"449","Pelham Brook",126,431,"no","male",2019-09-25 18:00:00,-72.9295369153333,42.6485308046667
"450","Pelham Brook",126,431,"no","male",2019-09-25 18:50:00,-72.9291805131488,42.6476587906574
"451","Pelham Brook",126,431,"no","male",2019-09-26 09:40:00,-72.9290368122951,42.6473628016393
"452","Pelham Brook",126,431,"no","male",2019-09-26 10:30:00,-72.9291650383803,42.6480975190141
"453","Pelham Brook",126,431,"no","male",2019-09-28 14:00:00,-72.9295265060774,42.648282778453
"454","Pelham Brook",126,431,"no","male",2019-09-28 14:50:00,-72.9293174689655,42.6492639965517
"455","Pelham Brook",126,431,"no","male",2019-09-28 18:30:00,-72.9292255947103,42.6483954833753
"456","Pelham Brook",126,431,"no","male",2019-09-28 19:30:00,-72.9302571592179,42.6503924553073
"457","Pelham Brook",126,431,"no","male",2019-09-29 10:10:00,-72.9323156401408,42.6523548985915
"458","Pelham Brook",126,431,"no","male",2019-09-29 10:50:00,-72.9337261212658,42.6533067058228
"459","Pelham Brook",126,431,"no","male",2019-10-01 18:20:00,-72.933425,42.6538264
"460","Pelham Brook",126,431,"no","male",2019-10-01 19:10:00,-72.9321728068702,42.6520472015267
"461","Pelham Brook",126,431,"no","male",2019-10-05 11:00:00,-72.9295282028777,42.6502056223022
"462","Pelham Brook",126,431,"no","male",2019-10-05 11:40:00,-72.9297173363636,42.6492701560606
"463","Pelham Brook",126,431,"no","male",2019-10-06 15:10:00,-72.9317847,42.6526597
"464","Pelham Brook",126,431,"no","male",2019-10-06 16:00:00,-72.9321252634069,42.6527383233438
"465","Pelham Brook",126,431,"no","male",2019-10-10 18:20:00,-72.9297824555762,42.649343822119
"466","Pelham Brook",127,390,"yes","unk",2019-09-09 10:50:00,-72.9405377231985,42.6549635239585
"467","Pelham Brook",127,390,"yes","unk",2019-09-21 07:50:00,-72.9433815088123,42.6544520454481
"468","Pelham Brook",127,390,"yes","unk",2019-09-22 20:40:00,-72.9471634319052,42.6530959540978
"469","Pelham Brook",127,390,"yes","unk",2019-09-24 18:30:00,-72.9420563535982,42.6546786578481
"470","Pelham Brook",127,390,"yes","unk",2019-09-25 18:00:00,-72.9405394878652,42.6549805274157
"471","Pelham Brook",127,390,"yes","unk",2019-09-25 18:40:00,-72.9417423483622,42.6547111090559
"472","Pelham Brook",127,390,"yes","unk",2019-09-26 09:40:00,-72.9425350908046,42.654556997318
"473","Pelham Brook",127,390,"yes","unk",2019-09-26 10:20:00,-72.9420745453965,42.6545086089335
"474","Pelham Brook",127,390,"yes","unk",2019-09-28 14:10:00,-72.9421599649776,42.6545822487332
"475","Pelham Brook",127,390,"yes","unk",2019-09-28 14:40:00,-72.9406078784753,42.6550531475336
"476","Pelham Brook",127,390,"yes","unk",2019-09-28 18:30:00,-72.9432886033132,42.6542856668675
"477","Pelham Brook",127,390,"yes","unk",2019-09-28 19:30:00,-72.9397442671141,42.6552188949664
"478","Pelham Brook",127,390,"yes","unk",2019-09-29 10:10:00,-72.9447448459854,42.6540347423358
"479","Pelham Brook",127,390,"yes","unk",2019-09-29 10:40:00,-72.9445789807229,42.6539970349398
"480","Pelham Brook",127,390,"yes","unk",2019-09-29 10:50:00,-72.9411654036697,42.6547654715596
"481","Pelham Brook",127,390,"yes","unk",2019-10-01 18:20:00,-72.9418550226415,42.6547222027254
"482","Pelham Brook",127,390,"yes","unk",2019-10-01 19:10:00,-72.940568933997,42.6549269410029
"483","Pelham Brook",127,390,"yes","unk",2019-10-05 11:00:00,-72.9423109022774,42.6545678815735
"484","Pelham Brook",127,390,"yes","unk",2019-10-05 11:40:00,-72.9421528550749,42.654640853411
"485","Pelham Brook",127,390,"yes","unk",2019-10-06 15:10:00,-72.9423481113573,42.6546224171745
"486","Pelham Brook",127,390,"yes","unk",2019-10-06 15:50:00,-72.9432920944231,42.6544286601923
"487","Pelham Brook",127,390,"yes","unk",2019-10-10 17:30:00,-72.9405905042553,42.6548865212766
"488","Pelham Brook",127,390,"yes","unk",2019-10-10 18:10:00,-72.9387546104425,42.6559126936283
"489","Pelham Brook",127,390,"yes","unk",2019-10-10 18:20:00,-72.9387265828829,42.6560167688288
"490","Pelham Brook",128,381,"yes","unk",2019-09-09 10:50:00,-72.9332003116755,42.6536598149715
"491","Pelham Brook",128,381,"yes","unk",2019-09-21 07:40:00,-72.9360030032694,42.6555330678821
"492","Pelham Brook",128,381,"yes","unk",2019-09-21 08:20:00,-72.9327595755458,42.6532940100878
"493","Pelham Brook",128,381,"yes","unk",2019-09-22 20:00:00,-72.9323500860482,42.6530255544931
"494","Pelham Brook",128,381,"yes","unk",2019-09-24 18:30:00,-72.9450542600825,42.6540471157059
"495","Pelham Brook",128,381,"yes","unk",2019-09-25 18:00:00,-72.9414355603448,42.6547194603448
"496","Pelham Brook",128,381,"yes","unk",2019-09-25 18:40:00,-72.944321866242,42.6539659523885
"497","Pelham Brook",128,381,"yes","unk",2019-09-26 09:40:00,-72.9440417009756,42.6539997673171
"498","Pelham Brook",128,381,"yes","unk",2019-09-26 10:20:00,-72.9430599959048,42.6542522034286
"499","Pelham Brook",128,381,"yes","unk",2019-09-28 14:10:00,-72.9426478109325,42.6544820453376
"500","Pelham Brook",128,381,"yes","unk",2019-09-28 14:40:00,-72.9442067631016,42.6541885812834
"501","Pelham Brook",128,381,"yes","unk",2019-09-28 18:30:00,-72.944301863357,42.6541239312057
"502","Pelham Brook",128,381,"yes","unk",2019-09-28 19:30:00,-72.944226055,42.6541079452857
"503","Pelham Brook",128,381,"yes","unk",2019-09-29 10:10:00,-72.9443489202381,42.6542458369048
"504","Pelham Brook",128,381,"yes","unk",2019-09-29 10:40:00,-72.9465058607914,42.6533349629496
"505","Pelham Brook",128,381,"yes","unk",2019-09-29 10:50:00,-72.9422047,42.6544931
"506","Pelham Brook",128,381,"yes","unk",2019-10-01 18:20:00,-72.9449392799107,42.653893140625
"507","Pelham Brook",128,381,"yes","unk",2019-10-01 19:10:00,-72.9448789393782,42.6538383502591
"508","Pelham Brook",128,381,"yes","unk",2019-10-05 11:00:00,-72.9463075197943,42.6534757411311
"509","Pelham Brook",128,381,"yes","unk",2019-10-05 11:40:00,-72.9434593094017,42.6542438559829
"510","Pelham Brook",128,381,"yes","unk",2019-10-06 15:10:00,-72.9447771672234,42.6539388363257
"511","Pelham Brook",128,381,"yes","unk",2019-10-06 15:50:00,-72.9449511475845,42.6539095125604
"512","Pelham Brook",128,381,"yes","unk",2019-10-10 17:30:00,-72.9451871921101,42.6537685781651
"513","Pelham Brook",128,381,"yes","unk",2019-10-10 18:10:00,-72.9449408141176,42.6539772576471
"514","Pelham Brook",129,340,"yes","unk",2019-09-22 20:10:00,-72.9517998019011,42.6523876206078
"515","Pelham Brook",129,340,"yes","unk",2019-09-24 19:00:00,-72.9552927128971,42.6530217155814
"516","Pelham Brook",129,340,"yes","unk",2019-09-25 18:00:00,-72.9515411423077,42.6522767722672
"517","Pelham Brook",129,340,"yes","unk",2019-09-25 18:40:00,-72.9526443888462,42.6523869415385
"518","Pelham Brook",129,340,"yes","unk",2019-09-26 09:40:00,-72.953683979469,42.6528214969912
"519","Pelham Brook",129,340,"yes","unk",2019-09-26 10:20:00,-72.9543152912791,42.6530434091085
"520","Pelham Brook",129,340,"yes","unk",2019-09-28 14:10:00,-72.9513372769565,42.6519184952174
"521","Pelham Brook",129,340,"yes","unk",2019-09-28 14:40:00,-72.9520143428986,42.6528365063768
"522","Pelham Brook",129,340,"yes","unk",2019-09-28 18:30:00,-72.9520282157182,42.6520088168022
"523","Pelham Brook",129,340,"yes","unk",2019-09-28 19:30:00,-72.9527023754159,42.6527899371534
"524","Pelham Brook",129,340,"yes","unk",2019-09-29 10:10:00,-72.9530782150743,42.6526751046709
"525","Pelham Brook",129,340,"yes","unk",2019-09-29 10:40:00,-72.952832768547,42.6526183087179
"526","Pelham Brook",129,340,"yes","unk",2019-10-01 18:20:00,-72.9532737284404,42.652540046789
"527","Pelham Brook",129,340,"yes","unk",2019-10-01 19:00:00,-72.955855,42.6539781
"528","Pelham Brook",129,340,"yes","unk",2019-10-01 19:10:00,-72.9524810723077,42.6519940973077
"529","Pelham Brook",129,340,"yes","unk",2019-10-05 11:00:00,-72.9499953277174,42.6521226461957
"530","Pelham Brook",129,340,"yes","unk",2019-10-05 11:10:00,-72.954476684,42.652713484
"531","Pelham Brook",129,340,"yes","unk",2019-10-05 11:40:00,-72.9531039261905,42.6528344268254
"532","Pelham Brook",129,340,"yes","unk",2019-10-06 15:10:00,-72.9518886693333,42.6518997973333
"533","Pelham Brook",129,340,"yes","unk",2019-10-06 15:50:00,-72.9514923461538,42.6524922938462
"534","Pelham Brook",129,340,"yes","unk",2019-10-10 17:30:00,-72.9517497705085,42.6526862389831
"535","Pelham Brook",129,340,"yes","unk",2019-10-10 18:10:00,-72.9513550919431,42.651976843128
"536","Zoar Books",130,482,"no","male",2019-09-09 10:50:00,-72.9349101154523,42.6546987953761
"537","Zoar Books",130,482,"no","male",2019-09-21 08:20:00,-72.9385740682483,42.655634522438
"538","Zoar Books",130,482,"no","male",2019-09-22 20:50:00,-72.9311450269256,42.6515434615405
"539","Zoar Books",130,482,"no","male",2019-09-24 18:20:00,-72.9328852035106,42.6534182969481
"540","Zoar Books",130,482,"no","male",2019-09-24 18:30:00,-72.9348490163684,42.6549610784277
"541","Zoar Books",130,482,"no","male",2019-09-25 18:00:00,-72.9328186164357,42.6533282837624
"542","Zoar Books",130,482,"no","male",2019-09-25 18:40:00,-72.9347838507205,42.6542895239193
"543","Zoar Books",130,482,"no","male",2019-09-25 18:50:00,-72.9290531,42.6478814
"544","Zoar Books",130,482,"no","male",2019-09-26 09:40:00,-72.9357930321586,42.6548958092511
"545","Zoar Books",130,482,"no","male",2019-09-26 10:20:00,-72.9340636076923,42.6541494272189
"546","Zoar Books",130,482,"no","male",2019-09-28 14:10:00,-72.937630031003,42.6553467644377
"547","Zoar Books",130,482,"no","male",2019-09-28 14:40:00,-72.9387131,42.6559797
"548","Zoar Books",130,482,"no","male",2019-09-28 14:50:00,-72.9326965914676,42.6532700174061
"549","Zoar Books",130,482,"no","male",2019-09-28 18:30:00,-72.932004133121,42.6522993458599
"550","Zoar Books",130,482,"no","male",2019-09-28 19:30:00,-72.9314669904059,42.651601300738
"551","Zoar Books",130,482,"no","male",2019-09-29 10:10:00,-72.9347636194595,42.6548486362162
"552","Zoar Books",130,482,"no","male",2019-09-29 10:50:00,-72.9374244644,42.6553887712
"553","Zoar Books",130,482,"no","male",2019-10-01 18:10:00,-72.9292717,42.6497881
"554","Zoar Books",130,482,"no","male",2019-10-01 18:20:00,-72.9328851809061,42.6531613880259
"555","Zoar Books",130,482,"no","male",2019-10-01 19:10:00,-72.9324139312977,42.6529787474809
"556","Zoar Books",130,482,"no","male",2019-10-05 11:00:00,-72.9342653162754,42.6543668713615
"557","Zoar Books",130,482,"no","male",2019-10-05 11:40:00,-72.9359807288235,42.6548893776471
"558","Zoar Books",130,482,"no","male",2019-10-06 15:10:00,-72.9327373782178,42.6532501719472
"559","Zoar Books",130,482,"no","male",2019-10-06 16:00:00,-72.9325737951271,42.6531817404661
"560","Zoar Books",130,482,"no","male",2019-10-10 17:30:00,-72.9299153014925,42.6500156701493
"561","Zoar Books",130,482,"no","male",2019-10-10 18:20:00,-72.9297745973535,42.649494041966
"562","Zoar Books",131,519,"no","unk",2019-09-09 10:40:00,-72.9299073739705,42.6502790354748
"563","Zoar Books",131,519,"no","unk",2019-09-09 10:50:00,-72.9322546538734,42.6529083310183
"564","Zoar Books",131,519,"no","unk",2019-09-19 16:20:00,-72.93066491278,42.65164939687
"565","Zoar Books",131,519,"no","unk",2019-09-21 08:20:00,-72.9307765262201,42.6516393721104
"566","Zoar Books",131,519,"no","unk",2019-09-22 20:50:00,-72.9327027839608,42.6532289916649
"567","Zoar Books",131,519,"no","unk",2019-09-25 18:00:00,-72.930167376399,42.6507577608273
"568","Zoar Books",131,519,"no","unk",2019-09-25 18:40:00,-72.9320135161765,42.6526255556985
"569","Zoar Books",131,519,"no","unk",2019-09-25 18:50:00,-72.9292217655889,42.6486454995381
"570","Zoar Books",131,519,"no","unk",2019-09-26 09:40:00,-72.9324756340741,42.6530927644444
"571","Zoar Books",131,519,"no","unk",2019-09-26 10:20:00,-72.9310481,42.6519181
"572","Zoar Books",131,519,"no","unk",2019-09-26 10:30:00,-72.9292515218045,42.6487777954887
"573","Zoar Books",131,519,"no","unk",2019-09-28 14:00:00,-72.9307897,42.6517664
"574","Zoar Books",131,519,"no","unk",2019-09-28 14:50:00,-72.9309526548571,42.6510972771429
"575","Zoar Books",131,519,"no","unk",2019-09-28 18:30:00,-72.9314706327485,42.6522996292398
"576","Zoar Books",131,519,"no","unk",2019-09-28 19:30:00,-72.9304037873984,42.6508351369919
"577","Zoar Books",131,519,"no","unk",2019-09-29 10:10:00,-72.9315938176471,42.6521108929412
"578","Zoar Books",131,519,"no","unk",2019-09-29 10:50:00,-72.9307068340351,42.6506040698246
"579","Zoar Books",131,519,"no","unk",2019-10-01 18:10:00,-72.9294476406015,42.6487125894737
"580","Zoar Books",131,519,"no","unk",2019-10-01 18:20:00,-72.9316124055556,42.6524477466667
"581","Zoar Books",131,519,"no","unk",2019-10-01 19:10:00,-72.9311506391765,42.6515794183529
"582","Zoar Books",131,519,"no","unk",2019-10-05 11:00:00,-72.9295814107011,42.6496017317343
"583","Zoar Books",131,519,"no","unk",2019-10-05 11:40:00,-72.930747528442,42.650736186413
"584","Zoar Books",131,519,"no","unk",2019-10-06 15:10:00,-72.9307362801609,42.651647630563
"585","Zoar Books",131,519,"no","unk",2019-10-06 16:00:00,-72.9308342973856,42.6513991461438
"586","Zoar Books",131,519,"no","unk",2019-10-10 18:20:00,-72.9308545162476,42.6514838206963
