uid,datetime,lat,lon,tagging_site,fork_length,adipose_clip,sex
130,2019-10-01T18:10:00Z,42.6497881,-72.9292717,Zoar Books,482,no,male
131,2019-10-01T18:10:00Z,42.64871259,-72.92944764,Zoar Books,519,no,unk
120,2019-10-01T18:20:00Z,42.6660481,-72.9617833,Beaver Island,495,no,male
121,2019-10-01T18:20:00Z,42.66554482,-72.96227724,Beaver Island,535,no,unk
125,2019-10-01T18:20:00Z,42.6631747,-72.9554297,Take Out,423,no,female
126,2019-10-01T18:20:00Z,42.6538264,-72.933425,Pelham Brook,431,no,male
127,2019-10-01T18:20:00Z,42.6547222,-72.94185502,Pelham Brook,390,yes,unk
128,2019-10-01T18:20:00Z,42.65389314,-72.94493928,Pelham Brook,381,yes,unk
129,2019-10-01T18:20:00Z,42.65254005,-72.95327373,Pelham Brook,340,yes,unk
130,2019-10-01T18:20:00Z,42.65316139,-72.93288518,Zoar Books,482,no,male
131,2019-10-01T18:20:00Z,42.65244775,-72.93161241,Zoar Books,519,no,unk
103,2019-10-01T18:30:00Z,42.6761864,-72.9921331,Long Run,385,no,unk
104,2019-10-01T18:30:00Z,42.67804074,-72.9903423,Beaver Hole,437,no,unk
107,2019-10-01T18:30:00Z,42.67872158,-72.99058246,Shady Pool,436,no,male
110,2019-10-01T18:30:00Z,42.67476982,-72.99494561,Shady Pool,420,no,female
112,2019-10-01T18:30:00Z,42.67356781,-72.99527703,Hoosac Tunnel Bridge,447,no,male
113,2019-10-01T18:30:00Z,42.67308445,-72.99570018,Hoosac Tunnel Bridge,372,no,male
114,2019-10-01T18:30:00Z,42.66651215,-72.98764195,Bridge to Nowhere,390,yes,female
115,2019-10-01T18:30:00Z,42.67208659,-72.99493908,Bridge to Nowhere,360,yes,female
116,2019-10-01T18:30:00Z,42.66926463,-72.99178061,Bridge to Nowhere,344,yes,male
117,2019-10-01T18:30:00Z,42.66200369,-72.97810594,Pinball,360,yes,female
118,2019-10-01T18:30:00Z,42.66148543,-72.97351261,Pinball,351,yes,male
119,2019-10-01T18:30:00Z,42.66346435,-72.98038154,Pinball,357,no,female
120,2019-10-01T18:30:00Z,42.6637914,-72.9635481,Beaver Island,495,no,male
121,2019-10-01T18:30:00Z,42.664438,-72.96279752,Beaver Island,535,no,unk
124,2019-10-01T18:30:00Z,42.6778897,-72.99025438,Beaver Island,326,no,male
102,2019-10-01T18:40:00Z,42.67986117,-72.98064986,Long Run,478,no,unk
104,2019-10-01T18:40:00Z,42.67878113,-72.98915616,Beaver Hole,437,no,unk
107,2019-10-01T18:40:00Z,42.67963655,-72.98966733,Shady Pool,436,no,male
104,2019-10-01T18:50:00Z,42.6738547,-72.9963281,Beaver Hole,437,no,unk
106,2019-10-01T18:50:00Z,42.67456356,-72.99624269,Shady Pool,483,yes,unk
107,2019-10-01T18:50:00Z,42.6746664,-72.9960131,Shady Pool,436,no,male
108,2019-10-01T18:50:00Z,42.6745145,-72.99624888,Shady Pool,346,no,female
109,2019-10-01T18:50:00Z,42.67461228,-72.99624033,Shady Pool,495,no,female
110,2019-10-01T18:50:00Z,42.67442116,-72.99599249,Shady Pool,420,no,female
111,2019-10-01T18:50:00Z,42.67455278,-72.99607004,Shady Pool,390,no,female
112,2019-10-01T18:50:00Z,42.67438985,-72.99613744,Hoosac Tunnel Bridge,447,no,male
113,2019-10-01T18:50:00Z,42.67254686,-72.99492717,Hoosac Tunnel Bridge,372,no,male
115,2019-10-01T18:50:00Z,42.67337698,-72.99554603,Bridge to Nowhere,360,yes,female
116,2019-10-01T18:50:00Z,42.66865342,-72.9910679,Bridge to Nowhere,344,yes,male
124,2019-10-01T18:50:00Z,42.67461132,-72.99623727,Beaver Island,326,no,male
114,2019-10-01T19:00:00Z,42.66593764,-72.98647801,Bridge to Nowhere,390,yes,female
116,2019-10-01T19:00:00Z,42.6675864,-72.9897617,Bridge to Nowhere,344,yes,male
117,2019-10-01T19:00:00Z,42.66292251,-72.97958218,Pinball,360,yes,female
118,2019-10-01T19:00:00Z,42.66123432,-72.97414,Pinball,351,yes,male
119,2019-10-01T19:00:00Z,42.66252044,-72.97878349,Pinball,357,no,female
121,2019-10-01T19:00:00Z,42.6659706,-72.96178852,Beaver Island,535,no,unk
122,2019-10-01T19:00:00Z,42.66635986,-72.96079217,Beaver Island,442,no,female
125,2019-10-01T19:00:00Z,42.66274703,-72.95560259,Take Out,423,no,female
129,2019-10-01T19:00:00Z,42.6539781,-72.955855,Pelham Brook,340,yes,unk
126,2019-10-01T19:10:00Z,42.6520472,-72.93217281,Pelham Brook,431,no,male
127,2019-10-01T19:10:00Z,42.65492694,-72.94056893,Pelham Brook,390,yes,unk
128,2019-10-01T19:10:00Z,42.65383835,-72.94487894,Pelham Brook,381,yes,unk
129,2019-10-01T19:10:00Z,42.6519941,-72.95248107,Pelham Brook,340,yes,unk
130,2019-10-01T19:10:00Z,42.65297875,-72.93241393,Zoar Books,482,no,male
131,2019-10-01T19:10:00Z,42.65157942,-72.93115064,Zoar Books,519,no,unk
116,2019-10-10T17:20:00Z,42.6365447,-72.9061231,Bridge to Nowhere,344,yes,male
125,2019-10-10T17:30:00Z,42.66351712,-72.95575995,Take Out,423,no,female
127,2019-10-10T17:30:00Z,42.65488652,-72.9405905,Pelham Brook,390,yes,unk
128,2019-10-10T17:30:00Z,42.65376858,-72.94518719,Pelham Brook,381,yes,unk
129,2019-10-10T17:30:00Z,42.65268624,-72.95174977,Pelham Brook,340,yes,unk
130,2019-10-10T17:30:00Z,42.65001567,-72.9299153,Zoar Books,482,no,male
102,2019-10-10T17:40:00Z,42.67987795,-72.98310526,Long Run,478,no,unk
104,2019-10-10T17:40:00Z,42.67890935,-72.98981073,Beaver Hole,437,no,unk
105,2019-10-10T17:40:00Z,42.6762531,-72.9920533,Shady Pool,342,no,unk
106,2019-10-10T17:40:00Z,42.67556965,-72.99381105,Shady Pool,483,yes,unk
107,2019-10-10T17:40:00Z,42.6773647,-72.9900681,Shady Pool,436,no,male
109,2019-10-10T17:40:00Z,42.6751247,-72.9953581,Shady Pool,495,no,female
110,2019-10-10T17:40:00Z,42.67506376,-72.99430605,Shady Pool,420,no,female
112,2019-10-10T17:40:00Z,42.67306585,-72.99597956,Hoosac Tunnel Bridge,447,no,male
114,2019-10-10T17:40:00Z,42.66693681,-72.9884983,Bridge to Nowhere,390,yes,female
116,2019-10-10T17:40:00Z,42.66922624,-72.9917797,Bridge to Nowhere,344,yes,male
117,2019-10-10T17:40:00Z,42.66307768,-72.97960338,Pinball,360,yes,female
118,2019-10-10T17:40:00Z,42.66164994,-72.97343304,Pinball,351,yes,male
119,2019-10-10T17:40:00Z,42.6634781,-72.9799714,Pinball,357,no,female
120,2019-10-10T17:40:00Z,42.66484903,-72.96269822,Beaver Island,495,no,male
121,2019-10-10T17:40:00Z,42.66502686,-72.96256611,Beaver Island,535,no,unk
124,2019-10-10T17:40:00Z,42.66146693,-72.9777138,Beaver Island,326,no,male
102,2019-10-10T17:50:00Z,42.68091186,-72.97770436,Long Run,478,no,unk
102,2019-10-10T18:00:00Z,42.67985215,-72.98136237,Long Run,478,no,unk
104,2019-10-10T18:00:00Z,42.67839239,-72.99030676,Beaver Hole,437,no,unk
105,2019-10-10T18:00:00Z,42.6754181,-72.9947514,Shady Pool,342,no,unk
106,2019-10-10T18:00:00Z,42.67688258,-72.9911816,Shady Pool,483,yes,unk
107,2019-10-10T18:00:00Z,42.67744814,-72.99024557,Shady Pool,436,no,male
108,2019-10-10T18:00:00Z,42.6758514,-72.99315,Shady Pool,346,no,female
110,2019-10-10T18:00:00Z,42.6753023,-72.99390608,Shady Pool,420,no,female
111,2019-10-10T18:00:00Z,42.67571719,-72.99347303,Shady Pool,390,no,female
112,2019-10-10T18:00:00Z,42.67316231,-72.99583551,Hoosac Tunnel Bridge,447,no,male
114,2019-10-10T18:00:00Z,42.66624235,-72.98696541,Bridge to Nowhere,390,yes,female
116,2019-10-10T18:00:00Z,42.66931197,-72.99185541,Bridge to Nowhere,344,yes,male
117,2019-10-10T18:00:00Z,42.66334158,-72.97965578,Pinball,360,yes,female
119,2019-10-10T18:00:00Z,42.66329751,-72.97957716,Pinball,357,no,female
124,2019-10-10T18:00:00Z,42.66329753,-72.9795774,Beaver Island,326,no,male
117,2019-10-10T18:10:00Z,42.66169839,-72.97771259,Pinball,360,yes,female
118,2019-10-10T18:10:00Z,42.66152892,-72.97333252,Pinball,351,yes,male
119,2019-10-10T18:10:00Z,42.6630397,-72.9793333,Pinball,357,no,female
120,2019-10-10T18:10:00Z,42.66547372,-72.96191133,Beaver Island,495,no,male
121,2019-10-10T18:10:00Z,42.66476085,-72.96265041,Beaver Island,535,no,unk
122,2019-10-10T18:10:00Z,42.66626063,-72.95872977,Beaver Island,442,no,female
124,2019-10-10T18:10:00Z,42.66201713,-72.97589626,Beaver Island,326,no,male
125,2019-10-10T18:10:00Z,42.66280499,-72.95568251,Take Out,423,no,female
127,2019-10-10T18:10:00Z,42.65591269,-72.93875461,Pelham Brook,390,yes,unk
128,2019-10-10T18:10:00Z,42.65397726,-72.94494081,Pelham Brook,381,yes,unk
129,2019-10-10T18:10:00Z,42.65197684,-72.95135509,Pelham Brook,340,yes,unk
115,2019-10-10T18:20:00Z,42.64019457,-72.90945723,Bridge to Nowhere,360,yes,female
126,2019-10-10T18:20:00Z,42.64934382,-72.92978246,Pelham Brook,431,no,male
127,2019-10-10T18:20:00Z,42.65601677,-72.93872658,Pelham Brook,390,yes,unk
130,2019-10-10T18:20:00Z,42.64949404,-72.9297746,Zoar Books,482,no,male
131,2019-10-10T18:20:00Z,42.65148382,-72.93085452,Zoar Books,519,no,unk
107,2019-10-12T10:00:00Z,42.6743881,-72.9959131,Shady Pool,436,no,male
109,2019-10-12T10:00:00Z,42.6743881,-72.9959131,Shady Pool,495,no,female
110,2019-10-12T10:00:00Z,42.6743881,-72.9959131,Shady Pool,420,no,female
111,2019-10-12T10:00:00Z,42.6743881,-72.9959131,Shady Pool,390,no,female
102,2019-10-12T11:00:00Z,42.68546081,-72.97814706,Long Run,478,no,unk
102,2019-10-12T11:10:00Z,42.67961123,-72.9836017,Long Run,478,no,unk
103,2019-10-12T11:10:00Z,42.6770847,-72.9900281,Long Run,385,no,unk
104,2019-10-12T11:10:00Z,42.67833897,-72.99000711,Beaver Hole,437,no,unk
105,2019-10-12T11:10:00Z,42.67551025,-72.99373885,Shady Pool,342,no,unk
106,2019-10-12T11:10:00Z,42.67981496,-72.982321,Shady Pool,483,yes,unk
107,2019-10-12T11:10:00Z,42.67799767,-72.98949523,Shady Pool,436,no,male
110,2019-10-12T11:10:00Z,42.67575251,-72.99363826,Shady Pool,420,no,female
111,2019-10-12T11:10:00Z,42.67603004,-72.99265931,Shady Pool,390,no,female
112,2019-10-12T11:10:00Z,42.67437799,-72.9956639,Hoosac Tunnel Bridge,447,no,male
114,2019-10-12T11:10:00Z,42.66623984,-72.98705149,Bridge to Nowhere,390,yes,female
116,2019-10-12T11:10:00Z,42.66927438,-72.99181592,Bridge to Nowhere,344,yes,male
118,2019-10-12T11:10:00Z,42.66121122,-72.974803,Pinball,351,yes,male
119,2019-10-12T11:10:00Z,42.66307805,-72.9794778,Pinball,357,no,female
124,2019-10-12T11:10:00Z,42.66871619,-72.99112757,Beaver Island,326,no,male
117,2019-10-12T11:20:00Z,42.66395337,-72.9637588,Pinball,360,yes,female
120,2019-10-12T11:20:00Z,42.66494575,-72.96238251,Beaver Island,495,no,male
121,2019-10-12T11:20:00Z,42.66411001,-72.96329107,Beaver Island,535,no,unk
122,2019-10-12T11:20:00Z,42.6664047,-72.9605431,Beaver Island,442,no,female
125,2019-10-12T11:20:00Z,42.6636447,-72.9556514,Take Out,423,no,female
126,2019-10-12T11:20:00Z,42.6547781,-72.9345264,Pelham Brook,431,no,male
127,2019-10-12T11:20:00Z,42.65494753,-72.94036932,Pelham Brook,390,yes,unk
128,2019-10-12T11:20:00Z,42.65408626,-72.94436122,Pelham Brook,381,yes,unk
129,2019-10-12T11:20:00Z,42.65213217,-72.95244136,Pelham Brook,340,yes,unk
126,2019-10-12T11:30:00Z,42.6526131,-72.9318314,Pelham Brook,431,no,male
130,2019-10-12T11:30:00Z,42.65099383,-72.93046449,Zoar Books,482,no,male
131,2019-10-12T11:30:00Z,42.65083302,-72.93046617,Zoar Books,519,no,unk
103,2019-10-12T09:50:00Z,42.67441711,-72.99590262,Long Run,385,no,unk
105,2019-10-12T09:50:00Z,42.6743881,-72.99591821,Shady Pool,342,no,unk
107,2019-10-12T09:50:00Z,42.67439861,-72.99590897,Shady Pool,436,no,male
108,2019-10-12T09:50:00Z,42.6743881,-72.995915,Shady Pool,346,no,female
109,2019-10-12T09:50:00Z,42.67439434,-72.99591416,Shady Pool,495,no,female
110,2019-10-12T09:50:00Z,42.67439329,-72.99591552,Shady Pool,420,no,female
111,2019-10-12T09:50:00Z,42.67440852,-72.99591589,Shady Pool,390,no,female
112,2019-10-12T09:50:00Z,42.67440495,-72.99590576,Hoosac Tunnel Bridge,447,no,male
116,2019-10-16T08:40:00Z,42.6434297,-72.9284114,Bridge to Nowhere,344,yes,male
118,2019-10-16T08:40:00Z,42.6429197,-72.9277381,Pinball,351,yes,male
126,2019-10-16T08:50:00Z,42.6480197,-72.9290681,Pelham Brook,431,no,male
131,2019-10-16T08:50:00Z,42.6524564,-72.9316264,Zoar Books,519,no,unk
114,2019-10-16T09:00:00Z,42.66625093,-72.98730624,Bridge to Nowhere,390,yes,female
120,2019-10-16T09:00:00Z,42.6662097,-72.9614981,Beaver Island,495,no,male
124,2019-10-16T09:00:00Z,42.6653264,-72.9847231,Beaver Island,326,no,male
125,2019-10-16T09:00:00Z,42.6626364,-72.95577853,Take Out,423,no,female
131,2019-10-16T09:00:00Z,42.6634564,-72.9655897,Zoar Books,519,no,unk
102,2019-10-16T09:10:00Z,42.68021798,-72.97934091,Long Run,478,no,unk
104,2019-10-16T09:10:00Z,42.6796747,-72.9897481,Beaver Hole,437,no,unk
106,2019-10-16T09:10:00Z,42.68162983,-72.97947362,Shady Pool,483,yes,unk
116,2019-10-16T09:10:00Z,42.6798697,-72.9809064,Bridge to Nowhere,344,yes,male
117,2019-10-16T09:10:00Z,42.6805931,-72.9767497,Pinball,360,yes,female
102,2019-10-16T09:20:00Z,42.67980244,-72.98172354,Long Run,478,no,unk
103,2019-10-16T09:20:00Z,42.67564493,-72.99260967,Long Run,385,no,unk
104,2019-10-16T09:20:00Z,42.67896536,-72.98751439,Beaver Hole,437,no,unk
105,2019-10-16T09:20:00Z,42.67550398,-72.99406096,Shady Pool,342,no,unk
106,2019-10-16T09:20:00Z,42.67979309,-72.98147267,Shady Pool,483,yes,unk
107,2019-10-16T09:20:00Z,42.67644242,-72.99168246,Shady Pool,436,no,male
109,2019-10-16T09:20:00Z,42.67560487,-72.99373519,Shady Pool,495,no,female
110,2019-10-16T09:20:00Z,42.67300266,-72.99554072,Shady Pool,420,no,female
112,2019-10-16T09:20:00Z,42.6731564,-72.9960914,Hoosac Tunnel Bridge,447,no,male
113,2019-10-16T09:20:00Z,42.67759078,-72.99019188,Hoosac Tunnel Bridge,372,no,male
114,2019-10-16T09:20:00Z,42.66680069,-72.98813265,Bridge to Nowhere,390,yes,female
116,2019-10-16T09:20:00Z,42.66920681,-72.99179057,Bridge to Nowhere,344,yes,male
118,2019-10-16T09:20:00Z,42.66164196,-72.97504533,Pinball,351,yes,male
124,2019-10-16T09:20:00Z,42.66565771,-72.98575976,Beaver Island,326,no,male
117,2019-10-16T09:30:00Z,42.6645414,-72.9626397,Pinball,360,yes,female
120,2019-10-16T09:30:00Z,42.66520436,-72.96247588,Beaver Island,495,no,male
121,2019-10-16T09:30:00Z,42.66438528,-72.96301863,Beaver Island,535,no,unk
122,2019-10-16T09:30:00Z,42.6658481,-72.9577814,Beaver Island,442,no,female
125,2019-10-16T09:30:00Z,42.66282545,-72.95573761,Take Out,423,no,female
127,2019-10-16T09:30:00Z,42.65490832,-72.94048406,Pelham Brook,390,yes,unk
128,2019-10-16T09:30:00Z,42.6537805,-72.9447758,Pelham Brook,381,yes,unk
129,2019-10-16T09:30:00Z,42.65194963,-72.95244406,Pelham Brook,340,yes,unk
130,2019-10-16T09:30:00Z,42.65559468,-72.93697629,Zoar Books,482,no,male
115,2019-10-16T09:40:00Z,42.64289522,-72.91236183,Bridge to Nowhere,360,yes,female
126,2019-10-16T09:40:00Z,42.64665908,-72.92906368,Pelham Brook,431,no,male
130,2019-10-16T09:40:00Z,42.65320081,-72.9328387,Zoar Books,482,no,male
131,2019-10-16T09:40:00Z,42.65157516,-72.93090166,Zoar Books,519,no,unk
127,2019-10-17T15:40:00Z,42.64929448,-72.92941154,Pelham Brook,390,yes,unk
130,2019-10-17T15:40:00Z,42.64922777,-72.92937348,Zoar Books,482,no,male
121,2019-10-17T15:50:00Z,42.6640897,-72.9630933,Beaver Island,535,no,unk
126,2019-10-17T15:50:00Z,42.65523647,-72.93531269,Pelham Brook,431,no,male
127,2019-10-17T15:50:00Z,42.65259797,-72.93178849,Pelham Brook,390,yes,unk
128,2019-10-17T15:50:00Z,42.65364574,-72.94558455,Pelham Brook,381,yes,unk
129,2019-10-17T15:50:00Z,42.65242078,-72.95035082,Pelham Brook,340,yes,unk
131,2019-10-17T15:50:00Z,42.65461164,-72.93594404,Zoar Books,519,no,unk
102,2019-10-17T16:00:00Z,42.67918111,-72.98997046,Long Run,478,no,unk
103,2019-10-17T16:00:00Z,42.6742431,-72.996235,Long Run,385,no,unk
104,2019-10-17T16:00:00Z,42.67930583,-72.98774692,Beaver Hole,437,no,unk
105,2019-10-17T16:00:00Z,42.6773847,-72.9899997,Shady Pool,342,no,unk
107,2019-10-17T16:00:00Z,42.67916539,-72.98920121,Shady Pool,436,no,male
108,2019-10-17T16:00:00Z,42.6757097,-72.9933831,Shady Pool,346,no,female
109,2019-10-17T16:00:00Z,42.67514452,-72.99491465,Shady Pool,495,no,female
110,2019-10-17T16:00:00Z,42.67480313,-72.99378892,Shady Pool,420,no,female
111,2019-10-17T16:00:00Z,42.67504245,-72.99445714,Shady Pool,390,no,female
112,2019-10-17T16:00:00Z,42.6714747,-72.9944167,Hoosac Tunnel Bridge,447,no,male
113,2019-10-17T16:00:00Z,42.67725088,-72.99042524,Hoosac Tunnel Bridge,372,no,male
114,2019-10-17T16:00:00Z,42.66594011,-72.98633367,Bridge to Nowhere,390,yes,female
116,2019-10-17T16:00:00Z,42.66888696,-72.991317660000007,Bridge to Nowhere,344,yes,male
117,2019-10-17T16:00:00Z,42.67129414,-72.99412916,Pinball,360,yes,female
118,2019-10-17T16:00:00Z,42.66071022,-72.97546047,Pinball,351,yes,male
124,2019-10-17T16:00:00Z,42.66127062,-72.97572631,Beaver Island,326,no,male
102,2019-10-17T16:10:00Z,42.67981046,-72.98181157,Long Run,478,no,unk
103,2019-10-17T16:10:00Z,42.6794881,-72.9901597,Long Run,385,no,unk
104,2019-10-17T16:10:00Z,42.67924791,-72.98816607,Beaver Hole,437,no,unk
106,2019-10-17T16:10:00Z,42.67982691,-72.98145387,Shady Pool,483,yes,unk
107,2019-10-17T16:10:00Z,42.67702702,-72.9930911,Shady Pool,436,no,male
108,2019-10-17T16:10:00Z,42.6754581,-72.9942864,Shady Pool,346,no,female
109,2019-10-17T16:10:00Z,42.67371775,-72.99516071,Shady Pool,495,no,female
110,2019-10-17T16:10:00Z,42.67490377,-72.994621,Shady Pool,420,no,female
111,2019-10-17T16:10:00Z,42.67602477,-72.99260259,Shady Pool,390,no,female
112,2019-10-17T16:10:00Z,42.67509644,-72.99508005,Hoosac Tunnel Bridge,447,no,male
113,2019-10-17T16:10:00Z,42.67889053,-72.98802052,Hoosac Tunnel Bridge,372,no,male
116,2019-10-17T16:10:00Z,42.67013864,-72.99282577,Bridge to Nowhere,344,yes,male
117,2019-10-17T16:10:00Z,42.67203612,-72.99430253,Pinball,360,yes,female
114,2019-10-17T16:20:00Z,42.66607869,-72.98660479,Bridge to Nowhere,390,yes,female
116,2019-10-17T16:20:00Z,42.66765309,-72.98980722,Bridge to Nowhere,344,yes,male
118,2019-10-17T16:20:00Z,42.66158087,-72.97332449,Pinball,351,yes,male
120,2019-10-17T16:20:00Z,42.6635047,-72.9646614,Beaver Island,495,no,male
121,2019-10-17T16:20:00Z,42.6635047,-72.9646614,Beaver Island,535,no,unk
124,2019-10-17T16:20:00Z,42.66101605,-72.97680524,Beaver Island,326,no,male
126,2019-10-17T16:30:00Z,42.65488829,-72.93541686,Pelham Brook,431,no,male
127,2019-10-17T16:30:00Z,42.65082756,-72.93062458,Pelham Brook,390,yes,unk
128,2019-10-17T16:30:00Z,42.65366101,-72.94542728,Pelham Brook,381,yes,unk
129,2019-10-17T16:30:00Z,42.65393528,-72.94464211,Pelham Brook,340,yes,unk
130,2019-10-17T16:30:00Z,42.65041421,-72.92996969,Zoar Books,482,no,male
131,2019-10-17T16:30:00Z,42.65529591,-72.93672907,Zoar Books,519,no,unk
115,2019-10-18T11:30:00Z,42.6278364,-72.8642364,Bridge to Nowhere,360,yes,female
110,2019-10-18T11:40:00Z,42.6550197,-72.9402331,Shady Pool,420,no,female
126,2019-10-18T11:40:00Z,42.6549814,-72.9403883,Pelham Brook,431,no,male
127,2019-10-18T11:40:00Z,42.65498367,-72.94038702,Pelham Brook,390,yes,unk
130,2019-10-18T11:40:00Z,42.65028497,-72.92982486,Zoar Books,482,no,male
131,2019-10-18T11:40:00Z,42.65464814,-72.93546505,Zoar Books,519,no,unk
117,2019-10-18T11:50:00Z,42.6645881,-72.9565847,Pinball,360,yes,female
118,2019-10-18T11:50:00Z,42.6612339,-72.9747987,Pinball,351,yes,male
119,2019-10-18T11:50:00Z,42.6623681,-72.9786017,Pinball,357,no,female
120,2019-10-18T11:50:00Z,42.66626146,-72.96102751,Beaver Island,495,no,male
121,2019-10-18T11:50:00Z,42.66529535,-72.96235587,Beaver Island,535,no,unk
123,2019-10-18T11:50:00Z,42.6663897,-72.959965,Beaver Island,336,yes,female
124,2019-10-18T11:50:00Z,42.66417711,-72.964451209999993,Beaver Island,326,no,male
125,2019-10-18T11:50:00Z,42.66355915,-72.95586407,Take Out,423,no,female
127,2019-10-18T11:50:00Z,42.6548631,-72.9408031,Pelham Brook,390,yes,unk
128,2019-10-18T11:50:00Z,42.65397958,-72.94438552,Pelham Brook,381,yes,unk
102,2019-10-18T12:00:00Z,42.67933418,-72.98240022,Long Run,478,no,unk
103,2019-10-18T12:00:00Z,42.67669942,-72.99280233,Long Run,385,no,unk
104,2019-10-18T12:00:00Z,42.67973614,-72.98506205,Beaver Hole,437,no,unk
105,2019-10-18T12:00:00Z,42.6787247,-72.9906281,Shady Pool,342,no,unk
106,2019-10-18T12:00:00Z,42.67980736,-72.97898586,Shady Pool,483,yes,unk
107,2019-10-18T12:00:00Z,42.6783564,-72.9905264,Shady Pool,436,no,male
109,2019-10-18T12:00:00Z,42.67285929,-72.99435546,Shady Pool,495,no,female
110,2019-10-18T12:00:00Z,42.67373459,-72.99408132,Shady Pool,420,no,female
112,2019-10-18T12:00:00Z,42.67414746,-72.99584897,Hoosac Tunnel Bridge,447,no,male
113,2019-10-18T12:00:00Z,42.67023935,-72.99293957,Hoosac Tunnel Bridge,372,no,male
114,2019-10-18T12:00:00Z,42.66544315,-72.98495675,Bridge to Nowhere,390,yes,female
119,2019-10-18T12:00:00Z,42.6633331,-72.9797281,Pinball,357,no,female
102,2019-10-18T12:10:00Z,42.68015481,-72.97624354,Long Run,478,no,unk
106,2019-10-18T12:10:00Z,42.68026045,-72.97619282,Shady Pool,483,yes,unk
102,2019-10-18T12:50:00Z,42.67989456,-72.97824173,Long Run,478,no,unk
104,2019-10-18T12:50:00Z,42.67973048,-72.98741206,Beaver Hole,437,no,unk
106,2019-10-18T12:50:00Z,42.67978938,-72.97878023,Shady Pool,483,yes,unk
110,2019-10-18T12:50:00Z,42.67359995,-72.99626298,Shady Pool,420,no,female
112,2019-10-18T12:50:00Z,42.6731929,-72.99606513,Hoosac Tunnel Bridge,447,no,male
113,2019-10-18T12:50:00Z,42.6708647,-72.9938014,Hoosac Tunnel Bridge,372,no,male
113,2019-10-18T13:00:00Z,42.6676297,-72.9897747,Hoosac Tunnel Bridge,372,no,male
114,2019-10-18T13:00:00Z,42.66575765,-72.98599681,Bridge to Nowhere,390,yes,female
118,2019-10-18T13:00:00Z,42.66115207,-72.97538147,Pinball,351,yes,male
119,2019-10-18T13:00:00Z,42.6630947,-72.9793981,Pinball,357,no,female
120,2019-10-18T13:00:00Z,42.6658464,-72.9619633,Beaver Island,495,no,male
121,2019-10-18T13:00:00Z,42.6661764,-72.9615081,Beaver Island,535,no,unk
125,2019-10-18T13:00:00Z,42.6631494,-72.95562824,Take Out,423,no,female
122,2019-10-18T13:10:00Z,42.6546764,-72.9414214,Beaver Island,442,no,female
126,2019-10-18T13:10:00Z,42.6487547,-72.9292064,Pelham Brook,431,no,male
128,2019-10-18T13:10:00Z,42.65364967,-72.94604648,Pelham Brook,381,yes,unk
130,2019-10-18T13:10:00Z,42.64991593,-72.92944352,Zoar Books,482,no,male
131,2019-10-18T13:10:00Z,42.6543881,-72.9340681,Zoar Books,519,no,unk
115,2019-10-18T13:20:00Z,42.62537822,-72.86739158,Bridge to Nowhere,360,yes,female
126,2019-10-05T11:00:00Z,42.65020562,-72.9295282,Pelham Brook,431,no,male
127,2019-10-05T11:00:00Z,42.65456788,-72.9423109,Pelham Brook,390,yes,unk
128,2019-10-05T11:00:00Z,42.65347574,-72.94630752,Pelham Brook,381,yes,unk
129,2019-10-05T11:00:00Z,42.65212265,-72.94999533,Pelham Brook,340,yes,unk
130,2019-10-05T11:00:00Z,42.65436687,-72.93426532,Zoar Books,482,no,male
131,2019-10-05T11:00:00Z,42.64960173,-72.92958141,Zoar Books,519,no,unk
112,2019-10-05T11:10:00Z,42.6711514,-72.9940697,Hoosac Tunnel Bridge,447,no,male
114,2019-10-05T11:10:00Z,42.66648517,-72.98750479,Bridge to Nowhere,390,yes,female
115,2019-10-05T11:10:00Z,42.67129428,-72.99411346,Bridge to Nowhere,360,yes,female
116,2019-10-05T11:10:00Z,42.66907895,-72.99152653,Bridge to Nowhere,344,yes,male
117,2019-10-05T11:10:00Z,42.66432291,-72.9634123,Pinball,360,yes,female
118,2019-10-05T11:10:00Z,42.66185824,-72.97291657,Pinball,351,yes,male
119,2019-10-05T11:10:00Z,42.66277953,-72.97883653,Pinball,357,no,female
120,2019-10-05T11:10:00Z,42.66504201,-72.96252833,Beaver Island,495,no,male
121,2019-10-05T11:10:00Z,42.66471031,-72.96289041,Beaver Island,535,no,unk
123,2019-10-05T11:10:00Z,42.6654981,-72.9575364,Beaver Island,336,yes,female
124,2019-10-05T11:10:00Z,42.66356239,-72.96812601,Beaver Island,326,no,male
125,2019-10-05T11:10:00Z,42.66200989,-72.95554921,Take Out,423,no,female
129,2019-10-05T11:10:00Z,42.65271348,-72.95447668,Pelham Brook,340,yes,unk
102,2019-10-05T11:20:00Z,42.6797445,-72.97826041,Long Run,478,no,unk
103,2019-10-05T11:20:00Z,42.6796314,-72.9898731,Long Run,385,no,unk
104,2019-10-05T11:20:00Z,42.67852461,-72.98997557,Beaver Hole,437,no,unk
105,2019-10-05T11:20:00Z,42.67903711,-72.99023075,Shady Pool,342,no,unk
107,2019-10-05T11:20:00Z,42.67819555,-72.9907543,Shady Pool,436,no,male
108,2019-10-05T11:20:00Z,42.6797731,-72.9893067,Shady Pool,346,no,female
110,2019-10-05T11:20:00Z,42.67513763,-72.99413878,Shady Pool,420,no,female
111,2019-10-05T11:20:00Z,42.6740564,-72.9963133,Shady Pool,390,no,female
112,2019-10-05T11:20:00Z,42.67413084,-72.99582808,Hoosac Tunnel Bridge,447,no,male
113,2019-10-05T11:20:00Z,42.67923904,-72.98967999,Hoosac Tunnel Bridge,372,no,male
115,2019-10-05T11:20:00Z,42.67449737,-72.99603427,Bridge to Nowhere,360,yes,female
105,2019-10-05T11:30:00Z,42.6736914,-72.9963631,Shady Pool,342,no,unk
107,2019-10-05T11:30:00Z,42.6760331,-72.992605,Shady Pool,436,no,male
110,2019-10-05T11:30:00Z,42.67535751,-72.99445866,Shady Pool,420,no,female
111,2019-10-05T11:30:00Z,42.67631607,-72.99182914,Shady Pool,390,no,female
112,2019-10-05T11:30:00Z,42.67246487,-72.99536101,Hoosac Tunnel Bridge,447,no,male
114,2019-10-05T11:30:00Z,42.66646445,-72.9876222,Bridge to Nowhere,390,yes,female
115,2019-10-05T11:30:00Z,42.67221707,-72.99503637,Bridge to Nowhere,360,yes,female
116,2019-10-05T11:30:00Z,42.668921,-72.99140531,Bridge to Nowhere,344,yes,male
117,2019-10-05T11:30:00Z,42.66436352,-72.96293208,Pinball,360,yes,female
118,2019-10-05T11:30:00Z,42.66116012,-72.97563056,Pinball,351,yes,male
119,2019-10-05T11:30:00Z,42.66322173,-72.97982636,Pinball,357,no,female
120,2019-10-05T11:30:00Z,42.6648715,-72.96273827,Beaver Island,495,no,male
121,2019-10-05T11:30:00Z,42.66408043,-72.96371403,Beaver Island,535,no,unk
123,2019-10-05T11:30:00Z,42.6661897,-72.9582397,Beaver Island,336,yes,female
124,2019-10-05T11:30:00Z,42.66349761,-72.96835137,Beaver Island,326,no,male
125,2019-10-05T11:30:00Z,42.6639729,-72.95604467,Take Out,423,no,female
126,2019-10-05T11:40:00Z,42.64927016,-72.92971734,Pelham Brook,431,no,male
127,2019-10-05T11:40:00Z,42.65464085,-72.94215286,Pelham Brook,390,yes,unk
128,2019-10-05T11:40:00Z,42.65424386,-72.94345931,Pelham Brook,381,yes,unk
129,2019-10-05T11:40:00Z,42.65283443,-72.95310393,Pelham Brook,340,yes,unk
130,2019-10-05T11:40:00Z,42.65488938,-72.93598073,Zoar Books,482,no,male
131,2019-10-05T11:40:00Z,42.65073619,-72.93074753,Zoar Books,519,no,unk
126,2019-10-06T15:10:00Z,42.6526597,-72.9317847,Pelham Brook,431,no,male
127,2019-10-06T15:10:00Z,42.65462242,-72.94234811,Pelham Brook,390,yes,unk
128,2019-10-06T15:10:00Z,42.65393884,-72.94477717,Pelham Brook,381,yes,unk
129,2019-10-06T15:10:00Z,42.6518998,-72.95188867,Pelham Brook,340,yes,unk
130,2019-10-06T15:10:00Z,42.65325017,-72.93273738,Zoar Books,482,no,male
131,2019-10-06T15:10:00Z,42.65164763,-72.93073628,Zoar Books,519,no,unk
114,2019-10-06T15:20:00Z,42.6660712,-72.98654026,Bridge to Nowhere,390,yes,female
115,2019-10-06T15:20:00Z,42.6702297,-72.9929714,Bridge to Nowhere,360,yes,female
116,2019-10-06T15:20:00Z,42.66888167,-72.99123259,Bridge to Nowhere,344,yes,male
117,2019-10-06T15:20:00Z,42.66428675,-72.96458143,Pinball,360,yes,female
118,2019-10-06T15:20:00Z,42.66176767,-72.97389133,Pinball,351,yes,male
119,2019-10-06T15:20:00Z,42.6632814,-72.9795867,Pinball,357,no,female
120,2019-10-06T15:20:00Z,42.6660731,-72.9618014,Beaver Island,495,no,male
121,2019-10-06T15:20:00Z,42.66467559,-72.96302002,Beaver Island,535,no,unk
124,2019-10-06T15:20:00Z,42.6639277,-72.96622633,Beaver Island,326,no,male
125,2019-10-06T15:20:00Z,42.6637146,-72.95564808,Take Out,423,no,female
102,2019-10-06T15:30:00Z,42.67985501,-72.97678814,Long Run,478,no,unk
104,2019-10-06T15:30:00Z,42.67691144,-72.99009485,Beaver Hole,437,no,unk
106,2019-10-06T15:30:00Z,42.6738214,-72.9963297,Shady Pool,483,yes,unk
107,2019-10-06T15:30:00Z,42.6768081,-72.9901547,Shady Pool,436,no,male
108,2019-10-06T15:30:00Z,42.67638867,-72.99153856,Shady Pool,346,no,female
109,2019-10-06T15:30:00Z,42.6747081,-72.9959131,Shady Pool,495,no,female
110,2019-10-06T15:30:00Z,42.67570075,-72.98684748,Shady Pool,420,no,female
111,2019-10-06T15:30:00Z,42.6769414,-72.9899514,Shady Pool,390,no,female
112,2019-10-06T15:30:00Z,42.67254635,-72.99528676,Hoosac Tunnel Bridge,447,no,male
115,2019-10-06T15:30:00Z,42.67311644,-72.99515937,Bridge to Nowhere,360,yes,female
116,2019-10-06T15:30:00Z,42.67152514,-72.99438793,Bridge to Nowhere,344,yes,male
102,2019-10-06T15:40:00Z,42.67959932,-72.98360487,Long Run,478,no,unk
103,2019-10-06T15:40:00Z,42.6798997,-72.9839867,Long Run,385,no,unk
104,2019-10-06T15:40:00Z,42.67860767,-72.98919271,Beaver Hole,437,no,unk
105,2019-10-06T15:40:00Z,42.67572879,-72.9933593,Shady Pool,342,no,unk
106,2019-10-06T15:40:00Z,42.6747564,-72.9958983,Shady Pool,483,yes,unk
107,2019-10-06T15:40:00Z,42.6780864,-72.9904114,Shady Pool,436,no,male
108,2019-10-06T15:40:00Z,42.67488869,-72.99552783,Shady Pool,346,no,female
109,2019-10-06T15:40:00Z,42.6762847,-72.9919967,Shady Pool,495,no,female
110,2019-10-06T15:40:00Z,42.67531506,-72.99348604,Shady Pool,420,no,female
111,2019-10-06T15:40:00Z,42.67543995,-72.99377601,Shady Pool,390,no,female
112,2019-10-06T15:40:00Z,42.67351096,-72.99552043,Hoosac Tunnel Bridge,447,no,male
113,2019-10-06T15:40:00Z,42.67802303,-72.9907022,Hoosac Tunnel Bridge,372,no,male
114,2019-10-06T15:40:00Z,42.66590988,-72.98602836,Bridge to Nowhere,390,yes,female
115,2019-10-06T15:40:00Z,42.67191049,-72.99480613,Bridge to Nowhere,360,yes,female
116,2019-10-06T15:40:00Z,42.66928486,-72.99173192,Bridge to Nowhere,344,yes,male
118,2019-10-06T15:40:00Z,42.66128838,-72.9737289,Pinball,351,yes,male
119,2019-10-06T15:40:00Z,42.6638697,-72.9805064,Pinball,357,no,female
117,2019-10-06T15:50:00Z,42.66372576,-72.96561615,Pinball,360,yes,female
120,2019-10-06T15:50:00Z,42.66573745,-72.96162542,Beaver Island,495,no,male
121,2019-10-06T15:50:00Z,42.66496292,-72.9624406,Beaver Island,535,no,unk
123,2019-10-06T15:50:00Z,42.6664114,-72.961066400000007,Beaver Island,336,yes,female
124,2019-10-06T15:50:00Z,42.66366181,-72.96706017,Beaver Island,326,no,male
125,2019-10-06T15:50:00Z,42.66362357,-72.95565668,Take Out,423,no,female
127,2019-10-06T15:50:00Z,42.65442866,-72.94329209,Pelham Brook,390,yes,unk
128,2019-10-06T15:50:00Z,42.65390951,-72.94495115,Pelham Brook,381,yes,unk
129,2019-10-06T15:50:00Z,42.65249229,-72.95149235,Pelham Brook,340,yes,unk
126,2019-10-06T16:00:00Z,42.65273832,-72.93212526,Pelham Brook,431,no,male
130,2019-10-06T16:00:00Z,42.65318174,-72.9325738,Zoar Books,482,no,male
131,2019-10-06T16:00:00Z,42.65139915,-72.9308343,Zoar Books,519,no,unk
120,2019-09-19T15:50:00Z,42.6664145,-72.96123278,Beaver Island,495,no,male
115,2019-09-19T16:00:00Z,42.67518226,-72.99499102,Bridge to Nowhere,360,yes,female
116,2019-09-19T16:00:00Z,42.66968379,-72.9925245,Bridge to Nowhere,344,yes,male
117,2019-09-19T16:00:00Z,42.66096829,-72.9766824,Pinball,360,yes,female
121,2019-09-19T16:00:00Z,42.66439909,-72.96341989,Beaver Island,535,no,unk
122,2019-09-19T16:00:00Z,42.66383485,-72.96389513,Beaver Island,442,no,female
103,2019-09-19T16:10:00Z,42.67689089,-72.99017643,Long Run,385,no,unk
110,2019-09-19T16:10:00Z,42.67287,-72.99579843,Shady Pool,420,no,female
114,2019-09-19T16:10:00Z,42.6668547,-72.98863382,Bridge to Nowhere,390,yes,female
115,2019-09-19T16:10:00Z,42.67090983,-72.99376172,Bridge to Nowhere,360,yes,female
131,2019-09-19T16:20:00Z,42.6516494,-72.93066491,Zoar Books,519,no,unk
128,2019-09-21T07:40:00Z,42.65553307,-72.936003,Pelham Brook,381,yes,unk
114,2019-09-21T07:50:00Z,42.66538999,-72.98467589,Bridge to Nowhere,390,yes,female
117,2019-09-21T07:50:00Z,42.66274718,-72.97174132,Pinball,360,yes,female
127,2019-09-21T07:50:00Z,42.65445205,-72.94338151,Pelham Brook,390,yes,unk
102,2019-09-21T08:00:00Z,42.67980332,-72.97875393,Long Run,478,no,unk
109,2019-09-21T08:00:00Z,42.67535691,-72.99486288,Shady Pool,495,no,female
112,2019-09-21T08:00:00Z,42.67409146,-72.99633746,Hoosac Tunnel Bridge,447,no,male
114,2019-09-21T08:10:00Z,42.6655789,-72.98567963,Bridge to Nowhere,390,yes,female
128,2019-09-21T08:20:00Z,42.65329401,-72.93275958,Pelham Brook,381,yes,unk
130,2019-09-21T08:20:00Z,42.65563452,-72.93857407,Zoar Books,482,no,male
131,2019-09-21T08:20:00Z,42.65163937,-72.93077653,Zoar Books,519,no,unk
128,2019-09-22T20:00:00Z,42.65302555,-72.93235009,Pelham Brook,381,yes,unk
117,2019-09-22T20:10:00Z,42.66074789,-72.97634963,Pinball,360,yes,female
119,2019-09-22T20:10:00Z,42.66414039,-72.98090221,Pinball,357,no,female
129,2019-09-22T20:10:00Z,42.65238762,-72.9517998,Pelham Brook,340,yes,unk
103,2019-09-22T20:20:00Z,42.67465734,-72.9959356,Long Run,385,no,unk
104,2019-09-22T20:20:00Z,42.67891139,-72.98740698,Beaver Hole,437,no,unk
113,2019-09-22T20:20:00Z,42.67575164,-72.99365817,Hoosac Tunnel Bridge,372,no,male
114,2019-09-22T20:20:00Z,42.66606948,-72.9869155,Bridge to Nowhere,390,yes,female
115,2019-09-22T20:20:00Z,42.67000224,-72.992694,Bridge to Nowhere,360,yes,female
102,2019-09-22T20:30:00Z,42.6795602,-72.98672698,Long Run,478,no,unk
104,2019-09-22T20:30:00Z,42.67885501,-72.98948199,Beaver Hole,437,no,unk
112,2019-09-22T20:30:00Z,42.67407959,-72.99638198,Hoosac Tunnel Bridge,447,no,male
114,2019-09-22T20:30:00Z,42.66703727,-72.98886459,Bridge to Nowhere,390,yes,female
116,2019-09-22T20:30:00Z,42.66853191,-72.99093986,Bridge to Nowhere,344,yes,male
117,2019-09-22T20:30:00Z,42.66146189,-72.97765565,Pinball,360,yes,female
119,2019-09-22T20:30:00Z,42.6641194,-72.98088415,Pinball,357,no,female
117,2019-09-22T20:40:00Z,42.66297115,-72.97143918,Pinball,360,yes,female
118,2019-09-22T20:40:00Z,42.66079087,-72.976758,Pinball,351,yes,male
125,2019-09-22T20:40:00Z,42.6592604,-72.9560873,Take Out,423,no,female
127,2019-09-22T20:40:00Z,42.65309595,-72.94716343,Pelham Brook,390,yes,unk
130,2019-09-22T20:50:00Z,42.65154346,-72.93114503,Zoar Books,482,no,male
131,2019-09-22T20:50:00Z,42.65322899,-72.93270278,Zoar Books,519,no,unk
130,2019-09-24T18:20:00Z,42.6534183,-72.9328852,Zoar Books,482,no,male
117,2019-09-24T18:30:00Z,42.66047923,-72.97524702,Pinball,360,yes,female
127,2019-09-24T18:30:00Z,42.65467866,-72.94205635,Pelham Brook,390,yes,unk
128,2019-09-24T18:30:00Z,42.65404712,-72.94505426,Pelham Brook,381,yes,unk
130,2019-09-24T18:30:00Z,42.65496108,-72.93484902,Zoar Books,482,no,male
104,2019-09-24T18:40:00Z,42.67847335,-72.99046232,Beaver Hole,437,no,unk
112,2019-09-24T18:40:00Z,42.67443484,-72.9961703,Hoosac Tunnel Bridge,447,no,male
114,2019-09-24T18:40:00Z,42.6653868,-72.98453672,Bridge to Nowhere,390,yes,female
102,2019-09-24T18:50:00Z,42.67994016,-72.98047063,Long Run,478,no,unk
115,2019-09-24T18:50:00Z,42.67283468,-72.99571208,Bridge to Nowhere,360,yes,female
120,2019-09-24T19:00:00Z,42.66572545,-72.9620757,Beaver Island,495,no,male
129,2019-09-24T19:00:00Z,42.65302172,-72.95529271,Pelham Brook,340,yes,unk
126,2019-09-25T18:00:00Z,42.6485308,-72.92953692,Pelham Brook,431,no,male
127,2019-09-25T18:00:00Z,42.65498053,-72.94053949,Pelham Brook,390,yes,unk
128,2019-09-25T18:00:00Z,42.65471946,-72.94143556,Pelham Brook,381,yes,unk
129,2019-09-25T18:00:00Z,42.65227677,-72.95154114,Pelham Brook,340,yes,unk
130,2019-09-25T18:00:00Z,42.65332828,-72.93281862,Zoar Books,482,no,male
131,2019-09-25T18:00:00Z,42.65075776,-72.93016738,Zoar Books,519,no,unk
103,2019-09-25T18:10:00Z,42.67710999,-72.99052708,Long Run,385,no,unk
104,2019-09-25T18:10:00Z,42.67731784,-72.99056144,Beaver Hole,437,no,unk
105,2019-09-25T18:10:00Z,42.67472452,-72.99412099,Shady Pool,342,no,unk
106,2019-09-25T18:10:00Z,42.67534179,-72.99422939,Shady Pool,483,yes,unk
107,2019-09-25T18:10:00Z,42.67747606,-72.99018979,Shady Pool,436,no,male
109,2019-09-25T18:10:00Z,42.67516914,-72.99506141,Shady Pool,495,no,female
111,2019-09-25T18:10:00Z,42.6763597,-72.9915247,Shady Pool,390,no,female
112,2019-09-25T18:10:00Z,42.67263023,-72.99540622,Hoosac Tunnel Bridge,447,no,male
113,2019-09-25T18:10:00Z,42.6770947,-72.9899414,Hoosac Tunnel Bridge,372,no,male
114,2019-09-25T18:10:00Z,42.66597819,-72.98648486,Bridge to Nowhere,390,yes,female
115,2019-09-25T18:10:00Z,42.67291221,-72.99561235,Bridge to Nowhere,360,yes,female
116,2019-09-25T18:10:00Z,42.66907147,-72.99153342,Bridge to Nowhere,344,yes,male
117,2019-09-25T18:10:00Z,42.66121947,-72.9740411,Pinball,360,yes,female
118,2019-09-25T18:10:00Z,42.66158401,-72.97395546,Pinball,351,yes,male
119,2019-09-25T18:10:00Z,42.66313446,-72.97976263,Pinball,357,no,female
120,2019-09-25T18:10:00Z,42.6647247,-72.9626464,Beaver Island,495,no,male
121,2019-09-25T18:10:00Z,42.6651731,-72.9625047,Beaver Island,535,no,unk
123,2019-09-25T18:10:00Z,42.6661797,-72.9582231,Beaver Island,336,yes,female
124,2019-09-25T18:10:00Z,42.6778831,-72.9902281,Beaver Island,326,no,male
102,2019-09-25T18:20:00Z,42.6796995,-72.97857139,Long Run,478,no,unk
103,2019-09-25T18:20:00Z,42.67592673,-72.99258514,Long Run,385,no,unk
104,2019-09-25T18:20:00Z,42.67907903,-72.98866419,Beaver Hole,437,no,unk
105,2019-09-25T18:20:00Z,42.67606161,-72.99298929,Shady Pool,342,no,unk
106,2019-09-25T18:20:00Z,42.6747157,-72.99590407,Shady Pool,483,yes,unk
107,2019-09-25T18:20:00Z,42.67827285,-72.98988811,Shady Pool,436,no,male
109,2019-09-25T18:20:00Z,42.6748781,-72.9956931,Shady Pool,495,no,female
110,2019-09-25T18:20:00Z,42.6758281,-72.9931431,Shady Pool,420,no,female
112,2019-09-25T18:20:00Z,42.67309077,-72.99545266,Hoosac Tunnel Bridge,447,no,male
113,2019-09-25T18:20:00Z,42.6775564,-72.9902017,Hoosac Tunnel Bridge,372,no,male
114,2019-09-25T18:20:00Z,42.66580004,-72.98623118,Bridge to Nowhere,390,yes,female
115,2019-09-25T18:20:00Z,42.67242185,-72.99524127,Bridge to Nowhere,360,yes,female
116,2019-09-25T18:20:00Z,42.66993621,-72.99261488,Bridge to Nowhere,344,yes,male
119,2019-09-25T18:20:00Z,42.66498594,-72.98333665,Pinball,357,no,female
114,2019-09-25T18:30:00Z,42.66329737,-72.97963512,Bridge to Nowhere,390,yes,female
117,2019-09-25T18:30:00Z,42.66068773,-72.97573869,Pinball,360,yes,female
118,2019-09-25T18:30:00Z,42.66127539,-72.97707633,Pinball,351,yes,male
119,2019-09-25T18:30:00Z,42.66327651,-72.97960709,Pinball,357,no,female
117,2019-09-25T18:40:00Z,42.66117955,-72.97377791,Pinball,360,yes,female
118,2019-09-25T18:40:00Z,42.66148756,-72.97337529,Pinball,351,yes,male
120,2019-09-25T18:40:00Z,42.6662831,-72.9596631,Beaver Island,495,no,male
121,2019-09-25T18:40:00Z,42.66482912,-72.96285796,Beaver Island,535,no,unk
125,2019-09-25T18:40:00Z,42.66189282,-72.95570529,Take Out,423,no,female
127,2019-09-25T18:40:00Z,42.65471111,-72.94174235,Pelham Brook,390,yes,unk
128,2019-09-25T18:40:00Z,42.65396595,-72.94432187,Pelham Brook,381,yes,unk
129,2019-09-25T18:40:00Z,42.65238694,-72.95264439,Pelham Brook,340,yes,unk
130,2019-09-25T18:40:00Z,42.65428952,-72.93478385,Zoar Books,482,no,male
131,2019-09-25T18:40:00Z,42.65262556,-72.93201352,Zoar Books,519,no,unk
126,2019-09-25T18:50:00Z,42.64765879,-72.92918051,Pelham Brook,431,no,male
130,2019-09-25T18:50:00Z,42.6478814,-72.9290531,Zoar Books,482,no,male
131,2019-09-25T18:50:00Z,42.6486455,-72.92922177,Zoar Books,519,no,unk
102,2019-09-26T10:00:00Z,42.67974628,-72.97919654,Long Run,478,no,unk
103,2019-09-26T10:00:00Z,42.67635969,-72.99230482,Long Run,385,no,unk
104,2019-09-26T10:00:00Z,42.67856091,-72.98858918,Beaver Hole,437,no,unk
105,2019-09-26T10:00:00Z,42.67658095,-72.99162438,Shady Pool,342,no,unk
106,2019-09-26T10:00:00Z,42.67695707,-72.99171719,Shady Pool,483,yes,unk
107,2019-09-26T10:00:00Z,42.67833984,-72.99017241,Shady Pool,436,no,male
109,2019-09-26T10:00:00Z,42.6762531,-72.9920331,Shady Pool,495,no,female
110,2019-09-26T10:00:00Z,42.67564156,-72.99372686,Shady Pool,420,no,female
111,2019-09-26T10:00:00Z,42.67588002,-72.99318737,Shady Pool,390,no,female
113,2019-09-26T10:00:00Z,42.67733008,-72.99018892,Hoosac Tunnel Bridge,372,no,male
124,2019-09-26T10:00:00Z,42.6796314,-72.9898597,Beaver Island,326,no,male
105,2019-09-26T10:10:00Z,42.67394729,-72.99637082,Shady Pool,342,no,unk
106,2019-09-26T10:10:00Z,42.6734681,-72.9962714,Shady Pool,483,yes,unk
107,2019-09-26T10:10:00Z,42.6744664,-72.9961783,Shady Pool,436,no,male
109,2019-09-26T10:10:00Z,42.6744047,-72.9962214,Shady Pool,495,no,female
110,2019-09-26T10:10:00Z,42.6711897,-72.9942097,Shady Pool,420,no,female
112,2019-09-26T10:10:00Z,42.67259458,-72.99526693,Hoosac Tunnel Bridge,447,no,male
114,2019-09-26T10:10:00Z,42.66630122,-72.98725119,Bridge to Nowhere,390,yes,female
115,2019-09-26T10:10:00Z,42.6731181,-72.9960164,Bridge to Nowhere,360,yes,female
116,2019-09-26T10:10:00Z,42.66934274,-72.9919246,Bridge to Nowhere,344,yes,male
117,2019-09-26T10:10:00Z,42.6612,-72.97488034,Pinball,360,yes,female
118,2019-09-26T10:10:00Z,42.66160003,-72.9734293,Pinball,351,yes,male
119,2019-09-26T10:10:00Z,42.66315172,-72.97961226,Pinball,357,no,female
120,2019-09-26T10:10:00Z,42.66513642,-72.96220529,Beaver Island,495,no,male
121,2019-09-26T10:10:00Z,42.6640447,-72.9630964,Beaver Island,535,no,unk
125,2019-09-26T10:10:00Z,42.6632631,-72.95554,Take Out,423,no,female
127,2019-09-26T10:20:00Z,42.65450861,-72.94207455,Pelham Brook,390,yes,unk
128,2019-09-26T10:20:00Z,42.6542522,-72.94306,Pelham Brook,381,yes,unk
129,2019-09-26T10:20:00Z,42.65304341,-72.95431529,Pelham Brook,340,yes,unk
130,2019-09-26T10:20:00Z,42.65414943,-72.93406361,Zoar Books,482,no,male
131,2019-09-26T10:20:00Z,42.6519181,-72.9310481,Zoar Books,519,no,unk
126,2019-09-26T10:30:00Z,42.64809752,-72.92916504,Pelham Brook,431,no,male
131,2019-09-26T10:30:00Z,42.6487778,-72.92925152,Zoar Books,519,no,unk
126,2019-09-26T09:40:00Z,42.6473628,-72.92903681,Pelham Brook,431,no,male
127,2019-09-26T09:40:00Z,42.654557,-72.94253509,Pelham Brook,390,yes,unk
128,2019-09-26T09:40:00Z,42.65399977,-72.9440417,Pelham Brook,381,yes,unk
129,2019-09-26T09:40:00Z,42.6528215,-72.95368398,Pelham Brook,340,yes,unk
130,2019-09-26T09:40:00Z,42.65489581,-72.93579303,Zoar Books,482,no,male
131,2019-09-26T09:40:00Z,42.65309276,-72.93247563,Zoar Books,519,no,unk
103,2019-09-26T09:50:00Z,42.67471678,-72.99588069,Long Run,385,no,unk
105,2019-09-26T09:50:00Z,42.67449913,-72.99549776,Shady Pool,342,no,unk
106,2019-09-26T09:50:00Z,42.67474751,-72.99511276,Shady Pool,483,yes,unk
109,2019-09-26T09:50:00Z,42.67458771,-72.99586873,Shady Pool,495,no,female
110,2019-09-26T09:50:00Z,42.67422363,-72.99546979,Shady Pool,420,no,female
112,2019-09-26T09:50:00Z,42.67172998,-72.99466821,Hoosac Tunnel Bridge,447,no,male
114,2019-09-26T09:50:00Z,42.66614681,-72.98691494,Bridge to Nowhere,390,yes,female
115,2019-09-26T09:50:00Z,42.67241486,-72.99537109,Bridge to Nowhere,360,yes,female
116,2019-09-26T09:50:00Z,42.66972729,-72.99242958,Bridge to Nowhere,344,yes,male
117,2019-09-26T09:50:00Z,42.66135372,-72.97553593,Pinball,360,yes,female
118,2019-09-26T09:50:00Z,42.66152963,-72.97367608,Pinball,351,yes,male
119,2019-09-26T09:50:00Z,42.66374074,-72.98087114,Pinball,357,no,female
120,2019-09-26T09:50:00Z,42.66519806,-72.96214478,Beaver Island,495,no,male
121,2019-09-26T09:50:00Z,42.66396801,-72.96357655,Beaver Island,535,no,unk
126,2019-09-28T14:00:00Z,42.64828278,-72.92952651,Pelham Brook,431,no,male
131,2019-09-28T14:00:00Z,42.6517664,-72.9307897,Zoar Books,519,no,unk
118,2019-09-28T14:10:00Z,42.6632231,-72.9709517,Pinball,351,yes,male
120,2019-09-28T14:10:00Z,42.66563013,-72.96180472,Beaver Island,495,no,male
121,2019-09-28T14:10:00Z,42.66446447,-72.96289776,Beaver Island,535,no,unk
123,2019-09-28T14:10:00Z,42.6656531,-72.9576,Beaver Island,336,yes,female
125,2019-09-28T14:10:00Z,42.6638364,-72.9557131,Take Out,423,no,female
127,2019-09-28T14:10:00Z,42.65458225,-72.94215996,Pelham Brook,390,yes,unk
128,2019-09-28T14:10:00Z,42.65448205,-72.94264781,Pelham Brook,381,yes,unk
129,2019-09-28T14:10:00Z,42.6519185,-72.95133728,Pelham Brook,340,yes,unk
130,2019-09-28T14:10:00Z,42.65534676,-72.93763003,Zoar Books,482,no,male
103,2019-09-28T14:20:00Z,42.67746932,-72.99023913,Long Run,385,no,unk
104,2019-09-28T14:20:00Z,42.67768978,-72.99084052,Beaver Hole,437,no,unk
105,2019-09-28T14:20:00Z,42.6747747,-72.9957864,Shady Pool,342,no,unk
106,2019-09-28T14:20:00Z,42.6777997,-72.9901547,Shady Pool,483,yes,unk
107,2019-09-28T14:20:00Z,42.67796506,-72.99002869,Shady Pool,436,no,male
108,2019-09-28T14:20:00Z,42.6764647,-72.9911781,Shady Pool,346,no,female
109,2019-09-28T14:20:00Z,42.6744164,-72.9961197,Shady Pool,495,no,female
110,2019-09-28T14:20:00Z,42.67526649,-72.99435766,Shady Pool,420,no,female
112,2019-09-28T14:20:00Z,42.67314805,-72.99548017,Hoosac Tunnel Bridge,447,no,male
114,2019-09-28T14:20:00Z,42.66625266,-72.98705204,Bridge to Nowhere,390,yes,female
115,2019-09-28T14:20:00Z,42.67091156,-72.99377626,Bridge to Nowhere,360,yes,female
116,2019-09-28T14:20:00Z,42.66887294,-72.99123536,Bridge to Nowhere,344,yes,male
117,2019-09-28T14:20:00Z,42.66180139,-72.97692244,Pinball,360,yes,female
118,2019-09-28T14:20:00Z,42.66095326,-72.97486459,Pinball,351,yes,male
119,2019-09-28T14:20:00Z,42.66340412,-72.97982397,Pinball,357,no,female
102,2019-09-28T14:30:00Z,42.67973653,-72.97865548,Long Run,478,no,unk
103,2019-09-28T14:30:00Z,42.6798314,-72.984275,Long Run,385,no,unk
104,2019-09-28T14:30:00Z,42.67876589,-72.98936313,Beaver Hole,437,no,unk
105,2019-09-28T14:30:00Z,42.67410643,-72.99622904,Shady Pool,342,no,unk
106,2019-09-28T14:30:00Z,42.6739914,-72.9963483,Shady Pool,483,yes,unk
107,2019-09-28T14:30:00Z,42.67909791,-72.98968939,Shady Pool,436,no,male
109,2019-09-28T14:30:00Z,42.6743331,-72.9962264,Shady Pool,495,no,female
111,2019-09-28T14:30:00Z,42.6741364,-72.9963133,Shady Pool,390,no,female
112,2019-09-28T14:30:00Z,42.6744464,-72.996145,Hoosac Tunnel Bridge,447,no,male
114,2019-09-28T14:30:00Z,42.66661507,-72.98771274,Bridge to Nowhere,390,yes,female
115,2019-09-28T14:30:00Z,42.67240072,-72.99532956,Bridge to Nowhere,360,yes,female
116,2019-09-28T14:30:00Z,42.66919529,-72.99172477,Bridge to Nowhere,344,yes,male
117,2019-09-28T14:30:00Z,42.66077952,-72.97664997,Pinball,360,yes,female
118,2019-09-28T14:30:00Z,42.6609579,-72.97686948,Pinball,351,yes,male
119,2019-09-28T14:30:00Z,42.66409858,-72.98146672,Pinball,357,no,female
117,2019-09-28T14:40:00Z,42.66113644,-72.97381854,Pinball,360,yes,female
118,2019-09-28T14:40:00Z,42.66161023,-72.97320887,Pinball,351,yes,male
120,2019-09-28T14:40:00Z,42.6654964,-72.96195119,Beaver Island,495,no,male
121,2019-09-28T14:40:00Z,42.66457796,-72.96294411,Beaver Island,535,no,unk
127,2019-09-28T14:40:00Z,42.65505315,-72.94060788,Pelham Brook,390,yes,unk
128,2019-09-28T14:40:00Z,42.65418858,-72.94420676,Pelham Brook,381,yes,unk
129,2019-09-28T14:40:00Z,42.65283651,-72.95201434,Pelham Brook,340,yes,unk
130,2019-09-28T14:40:00Z,42.6559797,-72.9387131,Zoar Books,482,no,male
126,2019-09-28T14:50:00Z,42.649264,-72.92931747,Pelham Brook,431,no,male
130,2019-09-28T14:50:00Z,42.65327002,-72.93269659,Zoar Books,482,no,male
131,2019-09-28T14:50:00Z,42.65109728,-72.93095265,Zoar Books,519,no,unk
125,2019-09-28T18:30:00Z,42.66014701,-72.95559159,Take Out,423,no,female
126,2019-09-28T18:30:00Z,42.64839548,-72.92922559,Pelham Brook,431,no,male
127,2019-09-28T18:30:00Z,42.65428567,-72.9432886,Pelham Brook,390,yes,unk
128,2019-09-28T18:30:00Z,42.65412393,-72.94430186,Pelham Brook,381,yes,unk
129,2019-09-28T18:30:00Z,42.65200882,-72.95202822,Pelham Brook,340,yes,unk
130,2019-09-28T18:30:00Z,42.65229935,-72.93200413,Zoar Books,482,no,male
131,2019-09-28T18:30:00Z,42.65229963,-72.93147063,Zoar Books,519,no,unk
103,2019-09-28T18:40:00Z,42.6762831,-72.9918881,Long Run,385,no,unk
105,2019-09-28T18:40:00Z,42.67552808,-72.99335616,Shady Pool,342,no,unk
106,2019-09-28T18:40:00Z,42.67535219,-72.99434059,Shady Pool,483,yes,unk
107,2019-09-28T18:40:00Z,42.6766845,-72.99053833,Shady Pool,436,no,male
108,2019-09-28T18:40:00Z,42.6761581,-72.9922431,Shady Pool,346,no,female
109,2019-09-28T18:40:00Z,42.6753973,-72.99431014,Shady Pool,495,no,female
110,2019-09-28T18:40:00Z,42.67555226,-72.99398517,Shady Pool,420,no,female
111,2019-09-28T18:40:00Z,42.6753522,-72.9941047,Shady Pool,390,no,female
112,2019-09-28T18:40:00Z,42.6726703,-72.99524718,Hoosac Tunnel Bridge,447,no,male
114,2019-09-28T18:40:00Z,42.66643307,-72.9872789,Bridge to Nowhere,390,yes,female
115,2019-09-28T18:40:00Z,42.6734847,-72.9962664,Bridge to Nowhere,360,yes,female
116,2019-09-28T18:40:00Z,42.67030379,-72.99300461,Bridge to Nowhere,344,yes,male
117,2019-09-28T18:40:00Z,42.66143596,-72.97354464,Pinball,360,yes,female
118,2019-09-28T18:40:00Z,42.66187226,-72.97339672,Pinball,351,yes,male
119,2019-09-28T18:40:00Z,42.66258362,-72.9788504,Pinball,357,no,female
120,2019-09-28T18:40:00Z,42.66616472,-72.96141537,Beaver Island,495,no,male
121,2019-09-28T18:40:00Z,42.66511133,-72.9623891,Beaver Island,535,no,unk
122,2019-09-28T18:40:00Z,42.6661797,-72.9581583,Beaver Island,442,no,female
125,2019-09-28T18:40:00Z,42.6641297,-72.9559764,Take Out,423,no,female
102,2019-09-28T18:50:00Z,42.67983177,-72.97930025,Long Run,478,no,unk
103,2019-09-28T18:50:00Z,42.6798414,-72.9843397,Long Run,385,no,unk
104,2019-09-28T18:50:00Z,42.67810074,-72.98987516,Beaver Hole,437,no,unk
107,2019-09-28T18:50:00Z,42.67793385,-72.99020981,Shady Pool,436,no,male
108,2019-09-28T18:50:00Z,42.6797081,-72.9887064,Shady Pool,346,no,female
113,2019-09-28T18:50:00Z,42.67727183,-72.98999904,Hoosac Tunnel Bridge,372,no,male
124,2019-09-28T18:50:00Z,42.67916393,-72.98961089,Beaver Island,326,no,male
103,2019-09-28T19:00:00Z,42.6790231,-72.9906364,Long Run,385,no,unk
104,2019-09-28T19:00:00Z,42.67865426,-72.99007467,Beaver Hole,437,no,unk
105,2019-09-28T19:00:00Z,42.67623091,-72.99191062,Shady Pool,342,no,unk
106,2019-09-28T19:00:00Z,42.67586661,-72.99326502,Shady Pool,483,yes,unk
107,2019-09-28T19:00:00Z,42.67642231,-72.99269269,Shady Pool,436,no,male
108,2019-09-28T19:00:00Z,42.67610147,-72.99235749,Shady Pool,346,no,female
109,2019-09-28T19:00:00Z,42.67355378,-72.99621059,Shady Pool,495,no,female
110,2019-09-28T19:00:00Z,42.67576206,-72.99362114,Shady Pool,420,no,female
111,2019-09-28T19:00:00Z,42.6754508,-72.99416354,Shady Pool,390,no,female
112,2019-09-28T19:00:00Z,42.6738438,-72.99537213,Hoosac Tunnel Bridge,447,no,male
113,2019-09-28T19:00:00Z,42.67788734,-72.99026925,Hoosac Tunnel Bridge,372,no,male
114,2019-09-28T19:00:00Z,42.66622513,-72.98699307,Bridge to Nowhere,390,yes,female
115,2019-09-28T19:00:00Z,42.67144593,-72.99435211,Bridge to Nowhere,360,yes,female
116,2019-09-28T19:00:00Z,42.66915703,-72.99174029,Bridge to Nowhere,344,yes,male
118,2019-09-28T19:00:00Z,42.6631955,-72.97949551,Pinball,351,yes,male
119,2019-09-28T19:00:00Z,42.6633361,-72.97973767,Pinball,357,no,female
118,2019-09-28T19:10:00Z,42.66319561,-72.97949162,Pinball,351,yes,male
119,2019-09-28T19:10:00Z,42.6631956,-72.97949218,Pinball,357,no,female
117,2019-09-28T19:20:00Z,42.66099608,-72.97573538,Pinball,360,yes,female
118,2019-09-28T19:20:00Z,42.66201069,-72.97707791,Pinball,351,yes,male
119,2019-09-28T19:20:00Z,42.66298263,-72.97913841,Pinball,357,no,female
120,2019-09-28T19:20:00Z,42.66522751,-72.96179093,Beaver Island,495,no,male
121,2019-09-28T19:20:00Z,42.66458451,-72.96299241,Beaver Island,535,no,unk
120,2019-09-28T19:30:00Z,42.6662997,-72.9593733,Beaver Island,495,no,male
123,2019-09-28T19:30:00Z,42.6661631,-72.9581947,Beaver Island,336,yes,female
125,2019-09-28T19:30:00Z,42.66322906,-72.95620103,Take Out,423,no,female
126,2019-09-28T19:30:00Z,42.65039246,-72.93025716,Pelham Brook,431,no,male
127,2019-09-28T19:30:00Z,42.65521889,-72.93974427,Pelham Brook,390,yes,unk
128,2019-09-28T19:30:00Z,42.65410795,-72.94422606,Pelham Brook,381,yes,unk
129,2019-09-28T19:30:00Z,42.65278994,-72.95270238,Pelham Brook,340,yes,unk
130,2019-09-28T19:30:00Z,42.6516013,-72.93146699,Zoar Books,482,no,male
131,2019-09-28T19:30:00Z,42.65083514,-72.93040379,Zoar Books,519,no,unk
126,2019-09-29T10:10:00Z,42.6523549,-72.93231564,Pelham Brook,431,no,male
127,2019-09-29T10:10:00Z,42.65403474,-72.94474485,Pelham Brook,390,yes,unk
128,2019-09-29T10:10:00Z,42.65424584,-72.94434892,Pelham Brook,381,yes,unk
129,2019-09-29T10:10:00Z,42.6526751,-72.95307822,Pelham Brook,340,yes,unk
130,2019-09-29T10:10:00Z,42.65484864,-72.93476362,Zoar Books,482,no,male
131,2019-09-29T10:10:00Z,42.65211089,-72.93159382,Zoar Books,519,no,unk
103,2019-09-29T10:20:00Z,42.6744481,-72.9961364,Long Run,385,no,unk
104,2019-09-29T10:20:00Z,42.6792747,-72.9903664,Beaver Hole,437,no,unk
105,2019-09-29T10:20:00Z,42.67585849,-72.99296923,Shady Pool,342,no,unk
106,2019-09-29T10:20:00Z,42.6757297,-72.9933133,Shady Pool,483,yes,unk
107,2019-09-29T10:20:00Z,42.67747945,-72.9915189,Shady Pool,436,no,male
108,2019-09-29T10:20:00Z,42.67609574,-72.99228363,Shady Pool,346,no,female
110,2019-09-29T10:20:00Z,42.67583548,-72.993054420000007,Shady Pool,420,no,female
111,2019-09-29T10:20:00Z,42.67607034,-72.99232772,Shady Pool,390,no,female
112,2019-09-29T10:20:00Z,42.67317909,-72.99498127,Hoosac Tunnel Bridge,447,no,male
114,2019-09-29T10:20:00Z,42.66621219,-72.98715569,Bridge to Nowhere,390,yes,female
115,2019-09-29T10:20:00Z,42.67192779,-72.99480087,Bridge to Nowhere,360,yes,female
116,2019-09-29T10:20:00Z,42.66881953,-72.99125258,Bridge to Nowhere,344,yes,male
117,2019-09-29T10:20:00Z,42.67357322,-72.99586715,Pinball,360,yes,female
118,2019-09-29T10:20:00Z,42.66176159,-72.97389173,Pinball,351,yes,male
119,2019-09-29T10:20:00Z,42.66323287,-72.97964071,Pinball,357,no,female
120,2019-09-29T10:20:00Z,42.66524075,-72.96207039,Beaver Island,495,no,male
121,2019-09-29T10:20:00Z,42.66503767,-72.9625149,Beaver Island,535,no,unk
122,2019-09-29T10:20:00Z,42.6663214,-72.9595367,Beaver Island,442,no,female
123,2019-09-29T10:20:00Z,42.6662714,-72.9588131,Beaver Island,336,yes,female
125,2019-09-29T10:20:00Z,42.66408818,-72.95630691,Take Out,423,no,female
102,2019-09-29T10:30:00Z,42.67972211,-72.97864833,Long Run,478,no,unk
103,2019-09-29T10:30:00Z,42.67624083,-72.99197041,Long Run,385,no,unk
104,2019-09-29T10:30:00Z,42.67840522,-72.99003356,Beaver Hole,437,no,unk
105,2019-09-29T10:30:00Z,42.67699584,-72.99063715,Shady Pool,342,no,unk
107,2019-09-29T10:30:00Z,42.67806507,-72.99097156,Shady Pool,436,no,male
108,2019-09-29T10:30:00Z,42.6773164,-72.99015,Shady Pool,346,no,female
109,2019-09-29T10:30:00Z,42.67498034,-72.99554819,Shady Pool,495,no,female
110,2019-09-29T10:30:00Z,42.67571203,-72.99349015,Shady Pool,420,no,female
111,2019-09-29T10:30:00Z,42.6743993,-72.99615547,Shady Pool,390,no,female
112,2019-09-29T10:30:00Z,42.67342161,-72.99546789,Hoosac Tunnel Bridge,447,no,male
114,2019-09-29T10:30:00Z,42.66890453,-72.99141638,Bridge to Nowhere,390,yes,female
115,2019-09-29T10:30:00Z,42.6704031,-72.9932997,Bridge to Nowhere,360,yes,female
116,2019-09-29T10:30:00Z,42.66919817,-72.9917853,Bridge to Nowhere,344,yes,male
117,2019-09-29T10:30:00Z,42.67302815,-72.99558289,Pinball,360,yes,female
124,2019-09-29T10:30:00Z,42.6781031,-72.9904647,Beaver Island,326,no,male
114,2019-09-29T10:40:00Z,42.66668985,-72.98826841,Bridge to Nowhere,390,yes,female
116,2019-09-29T10:40:00Z,42.6667731,-72.9884814,Bridge to Nowhere,344,yes,male
118,2019-09-29T10:40:00Z,42.66107059,-72.974631,Pinball,351,yes,male
119,2019-09-29T10:40:00Z,42.66312907,-72.97980752,Pinball,357,no,female
120,2019-09-29T10:40:00Z,42.6650328,-72.96232547,Beaver Island,495,no,male
123,2019-09-29T10:40:00Z,42.6661814,-72.9585683,Beaver Island,336,yes,female
125,2019-09-29T10:40:00Z,42.66272815,-72.9559708,Take Out,423,no,female
127,2019-09-29T10:40:00Z,42.65399703,-72.94457898,Pelham Brook,390,yes,unk
128,2019-09-29T10:40:00Z,42.65333496,-72.94650586,Pelham Brook,381,yes,unk
129,2019-09-29T10:40:00Z,42.65261831,-72.95283277,Pelham Brook,340,yes,unk
126,2019-09-29T10:50:00Z,42.65330671,-72.93372612,Pelham Brook,431,no,male
127,2019-09-29T10:50:00Z,42.65476547,-72.9411654,Pelham Brook,390,yes,unk
128,2019-09-29T10:50:00Z,42.6544931,-72.9422047,Pelham Brook,381,yes,unk
130,2019-09-29T10:50:00Z,42.65538877,-72.93742446,Zoar Books,482,no,male
131,2019-09-29T10:50:00Z,42.65060407,-72.93070683,Zoar Books,519,no,unk
131,2019-09-09T10:40:00Z,42.65027904,-72.92990737,Zoar Books,519,no,unk
117,2019-09-09T10:50:00Z,42.65326518,-72.93274655,Pinball,360,yes,female
126,2019-09-09T10:50:00Z,42.6548739,-72.94084863,Pelham Brook,431,no,male
127,2019-09-09T10:50:00Z,42.65496352,-72.94053772,Pelham Brook,390,yes,unk
128,2019-09-09T10:50:00Z,42.65365981,-72.93320031,Pelham Brook,381,yes,unk
130,2019-09-09T10:50:00Z,42.6546988,-72.93491012,Zoar Books,482,no,male
131,2019-09-09T10:50:00Z,42.65290833,-72.93225465,Zoar Books,519,no,unk
116,2019-09-09T11:00:00Z,42.66728035,-72.98912256,Bridge to Nowhere,344,yes,male
117,2019-09-09T11:00:00Z,42.66242831,-72.97841552,Pinball,360,yes,female
118,2019-09-09T11:00:00Z,42.66151716,-72.97375038,Pinball,351,yes,male
119,2019-09-09T11:00:00Z,42.66341262,-72.9802124,Pinball,357,no,female
120,2019-09-09T11:00:00Z,42.66583745,-72.96102081,Beaver Island,495,no,male
121,2019-09-09T11:00:00Z,42.66468567,-72.96300889,Beaver Island,535,no,unk
122,2019-09-09T11:00:00Z,42.66485992,-72.96272392,Beaver Island,442,no,female
123,2019-09-09T11:00:00Z,42.66573783,-72.95777944,Beaver Island,336,yes,female
125,2019-09-09T11:00:00Z,42.66303265,-72.95539085,Take Out,423,no,female
102,2019-09-09T11:10:00Z,42.67976235,-72.97929048,Long Run,478,no,unk
103,2019-09-09T11:10:00Z,42.67951868,-72.98557684,Long Run,385,no,unk
104,2019-09-09T11:10:00Z,42.67792064,-72.99026152,Beaver Hole,437,no,unk
106,2019-09-09T11:10:00Z,42.6756569,-72.99377383,Shady Pool,483,yes,unk
107,2019-09-09T11:10:00Z,42.67679222,-72.99024119,Shady Pool,436,no,male
108,2019-09-09T11:10:00Z,42.67464559,-72.99478973,Shady Pool,346,no,female
109,2019-09-09T11:10:00Z,42.67472198,-72.99495714,Shady Pool,495,no,female
110,2019-09-09T11:10:00Z,42.67416185,-72.99513866,Shady Pool,420,no,female
111,2019-09-09T11:10:00Z,42.67371241,-72.99627417,Shady Pool,390,no,female
112,2019-09-09T11:10:00Z,42.67276749,-72.99485067,Hoosac Tunnel Bridge,447,no,male
113,2019-09-09T11:10:00Z,42.67688873,-72.9900716,Hoosac Tunnel Bridge,372,no,male
114,2019-09-09T11:10:00Z,42.67105585,-72.99393902,Bridge to Nowhere,390,yes,female
115,2019-09-09T11:10:00Z,42.67185625,-72.99471995,Bridge to Nowhere,360,yes,female
116,2019-09-09T11:10:00Z,42.6696167,-72.99219376,Bridge to Nowhere,344,yes,male
124,2019-09-09T11:10:00Z,42.67689834,-72.99047014,Beaver Island,326,no,male
